overall_rank,merchant_abn,total_transaction_value,transaction_count,unique_customers,avg_transaction_value,median_transaction_value,std_transaction_value,max_transaction_value,first_transaction,last_transaction,active_days,active_months,consumer_flag_rate,merchant_flag_rate,any_flagged_transaction_count,fraud_flag_observed_count,observed_span_days,observed_span_months,transactions_per_active_month,value_per_active_month,transactions_per_calendar_month,value_per_calendar_month,transactions_per_customer,value_per_customer,active_day_share,transaction_value_cv,fraud_flag_coverage,observed_any_fraud_flag_rate,monthly_value_std,monthly_value_mean,monthly_value_cv,months_with_transactions,recent_month_value,previous_month_value,recent_month_growth,repeat_customer_share,largest_customer_value,largest_customer_value_share,name_merchant,tags,unique_customer_states,unique_customer_sa2s,customer_mean_disadvantage_score,customer_mean_economic_resources_score,predicted_3m_revenue,revenue_score,customer_score,frequency_score,loyalty_score,fraud_rate_used,fraud_score,fraud_risk_flag,fraud_data_review_flag,low_history_flag,manual_review_flag,predicted_revenue_score,ranking_score
1,64203420245,7549445.230212995,260780,24081,28.94947937040032,28.942648270253706,15.025232010294783,54.99964100649264,2021-02-28,2022-10-26,606,21,0.0,0.0,0,260780,606,21,12418.095238095239,359497.3919149045,12418.095238095239,359497.3919149045,10.82928449815207,313.5021481754493,1.0,0.5190156209046536,1.0,0.0,101625.15459422299,359497.3919149046,0.2826867645768021,21,433679.85867529135,438530.255641828,-0.011060575420133004,0.9998338939412815,859.409645544892,0.00011383745683795698,Pede Nonummy Corp.,"((tent and awning shops), (c), (take rate: 2.86))",8,1490,991.5355744727998,994.5916875946375,1529797.7148682808,0.9884667571234735,0.9997738579828132,0.9995477159656264,0.9997738579828132,0.0,1.0,False,False,False,False,0.9990877993158495,99.7894971086312
2,24852446429,8698779.502213052,289513,24080,30.0462483626402,25.252217768027613,21.178695113087336,266.8120329005647,2021-02-28,2022-10-26,606,21,0.0,0.0,0,289513,606,21,13786.333333333334,414227.59534347866,13786.333333333334,414227.59534347866,12.02296511627907,361.24499593908024,1.0,0.704869867860812,1.0,0.0,116592.42484478008,414227.59534347866,0.28146947754193274,21,500739.82246486703,503788.3543665653,-0.006051215506025975,0.9998338870431893,1002.318068892971,0.00011522513803666041,Erat Vitae LLP,"[(florists supplies, nursery stock, and floWers), (c), (take rate: 2.94)]",8,1490,991.3792412514446,994.421269236845,1368170.6099806798,0.9927634554500226,0.9993215739484396,1.0,0.9995477159656264,0.0,1.0,False,False,False,False,0.9936145952109464,99.71146393047718
3,46804135891,7042649.812512917,234434,24079,30.041076859640313,20.90836780117701,30.048584863315742,402.34853312614206,2021-02-28,2022-10-26,606,21,0.0,0.0,0,234434,606,21,11163.52380952381,335364.2767863294,11163.52380952381,335364.2767863294,9.736035549649072,292.4809922551982,1.0,1.0002499245852774,1.0,0.0,94413.36991460262,335364.2767863294,0.2815248267326821,21,412017.4574921561,407091.55970506574,0.012100220870850676,0.9995016404335728,1156.4342005272101,0.00016420441613787667,Suspendisse Dui Corporation,"((opticians, optical goods, and eyeglasses), (c), (take rate: 2.93))",8,1490,991.4870830339731,994.596510315098,1500877.8787061411,0.9862053369516056,0.9989823609226595,0.9990954319312528,0.9990954319312528,0.0,1.0,False,False,False,False,0.9977194982896237,99.68857768790544
4,60956456424,8026970.7235004455,90705,23499,88.49535001929823,88.57263189397685,33.82526435405844,146.99629777063558,2021-02-28,2022-10-26,606,21,0.0,0.0,0,90705,606,21,4319.285714285715,382236.70111906884,4319.285714285715,382236.70111906884,3.859951487297332,341.5877579258881,1.0,0.3822264598838487,1.0,0.0,108708.2660027783,382236.7011190688,0.28440038772968346,21,462686.9259776442,463591.5176430332,-0.0019512688023025828,0.9112728201200051,1319.4095518236188,0.00016437203987312458,Ultricies Dignissim LLP,"([gift, card, Novelty, and souvenir shops], [b], [take rate: 4.69])",8,1489,991.6646451271187,994.7124602754237,1591940.9931444835,0.9905020352781547,0.9961555857078245,0.9961555857078245,0.9961555857078245,0.0,1.0,False,False,False,False,0.9993158494868871,99.64820605173573
5,32234779638,8745123.708193183,116773,23913,74.88994637624437,62.7163579139671,53.18687311294871,591.3295918816794,2021-02-28,2022-10-26,606,21,8.563623440350081e-06,0.0,1,116773,606,21,5560.619047619048,416434.4622949135,5560.619047619048,416434.4622949135,4.883243424078953,365.7058381714207,1.0,0.7102004432709805,1.0,8.563623440350081e-06,117821.78914475531,416434.4622949135,0.28292996812861143,21,506672.5528468623,504852.53912467236,0.0036050402466936706,0.9615272027767323,1855.21711345452,0.00021214303826444367,,,8,1490,992.0059248287354,995.0215083626489,1434490.605056177,0.9929895974672094,0.9972862957937585,0.9972862957937585,0.9972862957937585,8.563623440350081e-06,0.9999914363765596,False,False,False,False,0.9954389965792474,99.64504802994284
6,64403598239,8873434.48672716,113541,23875,78.15180848087616,78.19245198761442,41.592243588450344,149.9971707612294,2021-02-28,2022-10-26,606,21,8.807391162663708e-06,0.0,1,113541,606,21,5406.714285714285,422544.49936796,5406.714285714285,422544.49936796,4.7556439790575915,371.6621774545407,1.0,0.5321980949248029,1.0,8.807391162663708e-06,118228.4823939528,422544.49936796,0.2798012577865725,21,512694.1344319452,517728.8197680811,-0.009724560704175633,0.957151832460733,1447.1328533986743,0.00016308599061201035,Lobortis Ultrices Company,"((music shops - musical instruments, pianos, and sheet music), (a), (take rate: 6.31))",8,1490,991.6920959871284,994.717299488732,1367705.3567399755,0.9938941655359566,0.9970601537765716,0.9970601537765716,0.9970601537765716,8.807391162663708e-06,0.9999911926088373,False,False,False,False,0.9933865450399088,99.59599572395402
7,80324045558,7219970.063153278,196840,24076,36.67938459232513,25.38265192633628,36.808430582214186,497.2746142725942,2021-02-28,2022-10-26,606,21,0.0,0.0,0,196840,606,21,9373.333333333334,343808.0982453942,9373.333333333334,343808.0982453942,8.175776707094201,299.8824581804817,1.0,1.0035182157858793,1.0,0.0,96146.58349668559,343808.0982453942,0.27965188716427686,21,410488.05687321996,418737.5719172779,-0.019700919137219476,0.9973417511214487,1138.3275040345472,0.0001576637429348827,Ipsum Dolor Sit Corporation,"[(gift, card, novelty, and souvenir shops), (c), (take rate: 1.47)]",8,1490,991.2566552233883,994.5832406875741,1407703.168146717,0.9873360470375395,0.998303934871099,0.9981908638625057,0.9981908638625057,0.0,1.0,False,False,False,False,0.9947548460661345,99.59071647051361
8,79417999332,9126402.797232378,99226,23731,91.97592160555075,79.89560362027578,57.95434072386049,531.5496176419031,2021-02-28,2022-10-26,606,21,0.0,0.0,0,99226,606,21,4725.047619047619,434590.609392018,4725.047619047619,434590.609392018,4.181281867599343,384.57725326502793,1.0,0.6301033978480183,1.0,0.0,124168.85552098337,434590.609392018,0.2857145387809752,21,519557.48583623936,526580.5074128978,-0.013337032947084736,0.9324933631115419,1603.1742314653136,0.00017566332180204487,Phasellus At Company,"([gift, card, novelty, and souvenIr shops], [b], [take rate: 4.95])",8,1490,992.1204524239596,994.9786032077004,1340299.530082888,0.9957033016734509,0.9966078697421981,0.9966078697421981,0.9963817277250113,0.0,1.0,False,False,False,False,0.9917901938426453,99.55730572802001
9,49891706470,7171594.31378417,247526,24078,28.97309500328923,28.93979250114748,15.014904821495456,54.999973170141224,2021-02-28,2022-10-26,606,21,0.0,0.0,0,247526,606,21,11786.952380952382,341504.4911325795,11786.952380952382,341504.4911325795,10.280172771824903,297.8484223683101,1.0,0.5182361366568141,1.0,0.0,96402.50420921185,341504.4911325795,0.28228766154582224,21,408568.7071644961,418510.4575979692,-0.023755082466836146,0.9997508098679292,832.1165628995437,0.00011602950843164306,Non Vestibulum Industries,"((teNt and awning shops), (a), (take rate: 5.80))",8,1490,991.5554331526407,994.5642946922968,1320075.6932255856,0.9868837630031659,0.9986431478968792,0.9993215739484396,0.9993215739484396,0.0,1.0,False,False,False,False,0.9913340935005701,99.53911895895251
10,86578477987,9539822.772870393,272674,24081,34.98618413515918,29.324543827242884,24.77626314478532,293.75440741164755,2021-02-28,2022-10-26,606,21,3.6673830288182957e-06,0.0,1,272674,606,21,12984.47619047619,454277.27489859017,12984.47619047619,454277.27489859017,11.323200863751506,396.1555904186036,1.0,0.7081727761184036,1.0,3.6673830288182957e-06,126850.61985577704,454277.27489859017,0.27923611165470325,21,553310.0187764879,557222.5678820963,-0.007021519463002499,0.9999169469706407,1184.673298686183,0.00012418189801755952,Leo In Consulting,"[[watch, clock, and jewelry repair shops], [a], [take rate: 6.43]]",8,1490,991.721203224939,994.8517171610309,1102467.0128846965,0.9977385798281321,0.9997738579828132,0.9997738579828132,1.0,3.6673830288182957e-06,0.9999963326169712,False,False,False,False,0.9824401368301027,99.51913047374272
11,89726005175,8908822.661726555,215963,24079,41.25161560881519,36.74377941789005,23.791018536690565,251.53465844652106,2021-02-28,2022-10-26,606,21,9.26084560781245e-06,0.0,2,215963,606,21,10283.952380952382,424229.65055840736,10283.952380952382,424229.65055840736,8.968935587026039,369.9830832562214,1.0,0.576729376184883,1.0,9.26084560781245e-06,120100.65974462753,424229.6505584075,0.2831029363141891,21,509520.33941306267,524285.1332361964,-0.02816176329852565,0.998795631047801,1109.0860310579244,0.00012449299679324636,Est Nunc Consulting,"((tent and awning shops), (a), (take rate: 6.01))",8,1490,991.6001315173536,994.6847818818127,1149439.7853615165,0.9943464495703301,0.9989823609226595,0.9986431478968792,0.9986431478968792,9.26084560781245e-06,0.9999907391543922,False,False,False,False,0.9856328392246294,99.49486677107417
12,49505931725,7180616.480200599,68240,22686,105.22591559496774,93.61161304508009,60.77019799322551,560.6525086148619,2021-02-28,2022-10-26,606,21,0.0,0.0,0,68240,606,21,3249.5238095238096,341934.11810479045,3249.5238095238096,341934.11810479045,3.008022568985277,316.5219289518028,1.0,0.5775212090065363,1.0,0.0,94663.34968098429,341934.11810479045,0.27684675108078394,21,411152.7172460186,418590.0250710536,-0.017767522825639627,0.8259278850392312,1595.5483247740099,0.00022220213670699152,Suspendisse Ac Associates,"([digital goods: books, movies, music], [b], [take rate: 4.70])",8,1490,991.3079955648639,994.6063992678505,1449207.9910567168,0.9871099050203528,0.9954771596562642,0.9954771596562642,0.9954771596562642,0.0,1.0,False,False,False,False,0.9961231470923603,99.4835852354275
13,72472909171,7139097.983008995,101791,23747,70.13486440853312,58.92207357633936,49.646453428705065,537.0112761674012,2021-02-28,2022-10-26,606,21,0.0,0.0,0,101791,606,21,4847.190476190476,339957.0468099521,4847.190476190476,339957.0468099521,4.286478291994778,300.6315737991744,1.0,0.7078712398945582,1.0,0.0,95990.8926763992,339957.0468099521,0.28236182652234143,21,407907.0402856726,419602.10678240354,-0.02787180118424849,0.9374657851518087,1472.1674440875765,0.0002062119678972505,Nullam Consulting,"([digiTal goods: books, movies, music], [a], [take rate: 6.33])",8,1490,991.5134695609136,994.7623205826204,1357081.7961587205,0.9864314789687924,0.9968340117593849,0.9968340117593849,0.9968340117593849,0.0,1.0,False,False,False,False,0.9929304446978335,99.46143388994697
14,43186523025,9041988.172308173,200913,24076,45.00449534031234,40.09956130350667,25.94868970743809,244.39235893658423,2021-02-28,2022-10-26,606,21,4.977278722631189e-06,0.0,1,200913,606,21,9567.285714285714,430570.8653480082,9567.285714285714,430570.8653480082,8.344949327130752,375.56023310799856,1.0,0.5765799507631586,1.0,4.977278722631189e-06,122474.8834816688,430570.86534800834,0.28444767943757326,21,531634.2920657843,523511.0275863635,0.01551689277086098,0.9980063133410866,1137.8991273683062,0.00012584611986700173,Lorem Ipsum Sodales Industries,"([florists supplies, nurSery stock, and flowers], [b], [take rate: 4.47])",8,1490,991.3439678989606,994.4334298118669,1135281.576035921,0.9952510176390773,0.998303934871099,0.9984170058796924,0.9984170058796924,4.977278722631189e-06,0.9999950227212774,False,False,False,False,0.9842645381984036,99.45391782057177
15,68216911708,6965563.782349227,180825,24065,38.52102188496738,30.390373182020934,31.33664220389758,337.6650735975257,2021-02-28,2022-10-26,606,21,0.0,0.0,0,180825,606,21,8610.714285714286,331693.5134452013,8610.714285714286,331693.5134452013,7.514024516933306,289.44790286096935,1.0,0.8134945718074663,1.0,0.0,93212.50904148957,331693.5134452012,0.2810199936481095,21,395722.97997433733,406116.8085121563,-0.025593199591757,0.9962601288177851,1202.0237135031298,0.0001725666078242028,Placerat Eget Venenatis Limited,"[[computers, computer peripheral equipment, and software], [c], [take rate: 3.05]]",8,1490,991.5476755233976,994.6008159088946,1256491.50643002,0.985753052917232,0.9977385798281321,0.9977385798281321,0.9979647218453188,0.0,1.0,False,False,False,False,0.9890535917901938,99.40295671017772
16,45629217853,8395062.462198067,228255,24081,36.7793146358155,25.548885392354716,36.72118960538201,504.5270019254968,2021-02-28,2022-10-26,606,21,4.381065036910473e-06,0.0,1,228255,606,21,10869.285714285714,399764.87915228895,10869.285714285714,399764.87915228895,9.478634608197334,348.61768457281954,1.0,0.9984196271461543,1.0,4.381065036910473e-06,115174.6898937151,399764.87915228895,0.28810607409521766,21,481616.4627904305,493217.3961107477,-0.023520932983702576,0.9990448901623686,1271.452827098599,0.00015145245587198363,Lacus Consulting,"[[gift, Card, novelty, and souvenir shops], [a], [take rate: 6.98]]",8,1490,991.5013869662023,994.6490159645863,1099183.095606138,0.9918588873812755,0.9997738579828132,0.998869289914066,0.998869289914066,4.381065036910473e-06,0.9999956189349631,False,False,False,False,0.9819840364880273,99.3889962693477
17,94493496784,9115635.921792194,99176,23660,91.91372833943892,80.11907957171782,58.28892172492881,676.6585103033924,2021-02-28,2022-10-26,606,21,0.0,0.0,0,99176,606,21,4722.666666666667,434077.9010377235,4722.666666666667,434077.9010377235,4.191715976331361,385.2762435246067,1.0,0.6341699197498208,1.0,0.0,122581.60910393084,434077.9010377235,0.2823954152258903,21,531053.3617674516,525750.9868658923,0.010085335137776624,0.935207100591716,1689.0245017160337,0.0001852887188789743,Dictum Phasellus In Institute,"[(gift, card, novelty, and souvenir shops), (a), (take rate: 5.65)]",8,1490,991.4886827413319,994.5364344277185,1137992.1864072708,0.9954771596562642,0.9963817277250113,0.9963817277250113,0.9966078697421981,0.0,1.0,False,False,False,False,0.9847206385404789,99.37265187486429
18,21439773999,9426656.544148417,120624,23914,78.14909590254358,65.72714022594604,55.00120436291857,563.232364699748,2021-02-28,2022-10-26,606,21,0.0,0.0,0,120624,606,21,5744.0,448888.4068642103,5744.0,448888.4068642103,5.044074600652338,394.18986970596376,1.0,0.7037983450443015,1.0,0.0,127217.02565378208,448888.40686421026,0.28340456939505126,21,540698.1158247504,540971.6209017291,-0.0005055811920832513,0.9673413063477461,1755.509662622515,0.00018622824056449208,Mauris Non Institute,"([cable, satellite, and other pay television and radio services], [a], [take rate: 6.10])",8,1490,991.738205337745,994.6027984293715,1095181.3708395031,0.9970601537765716,0.9975124378109452,0.9975124378109452,0.9975124378109452,0.0,1.0,False,False,False,False,0.9815279361459521,99.36972260084463
19,33604812025,8458364.91351012,39419,19425,214.57583686826453,186.06399753521893,135.857172536049,1721.284152194068,2021-02-28,2022-10-26,606,21,0.0,0.0,0,39419,606,21,1877.095238095238,402779.28159572,1877.095238095238,402779.28159572,2.029292149292149,435.43706118456214,1.0,0.63314292288864,1.0,0.0,112156.37654331834,402779.28159571986,0.2784561710795558,21,483263.28874287073,482837.17885293777,0.0008825125913983327,0.6041698841698842,2791.5124755478155,0.00033002979938700366,,,8,1489,991.9435685915063,995.1103880232203,1495667.195799487,0.9923111714156491,0.9895974672094076,0.9895974672094076,0.9895974672094076,0.0,1.0,False,False,False,False,0.9974914481185861,99.30182713466976
20,32361057556,9434452.55235438,85780,23396,109.98429182040546,97.89855330198233,63.59767279591255,673.4564335830144,2021-02-28,2022-10-26,606,21,1.1657729074376311e-05,0.0,1,85780,606,21,4084.7619047619046,449259.6453502086,4084.7619047619046,449259.6453502086,3.6664387074713627,403.2506647441606,1.0,0.5782432358591887,1.0,1.1657729074376311e-05,126549.14479303792,449259.6453502085,0.28168375704964527,21,542948.8625190322,541442.7582572016,0.002781650024609103,0.8995554795691572,1713.1013526600007,0.00018157930660560626,Orci In Consequat Corporation,"([gift, card, novelty, and souvenir shops], [a], [take rate: 6.61])",8,1490,991.468103581082,994.5187317059507,1098652.0996563963,0.9972862957937585,0.9959294436906377,0.9959294436906377,0.9959294436906377,1.1657729074376311e-05,0.9999883422709256,False,False,False,False,0.9817559863169898,99.29954970207227
21,52959528548,7251987.950149209,42507,19984,170.60691062999527,143.28416597878416,121.27659911679063,1070.3896755039289,2021-02-28,2022-10-26,606,21,0.0,0.0,0,42507,606,21,2024.142857142857,345332.7595309147,2024.142857142857,345332.7595309147,2.1270516413130505,362.8897092748804,1.0,0.7108539664012202,1.0,0.0,99428.77193001974,345332.7595309147,0.28792163264521886,21,429468.7295383473,416911.82593232905,0.030118847259699457,0.634357485988791,2218.1531465560397,0.00030586828905450694,Libero Et Limited,"[[furniture, home furnishings and equIpment shops, and manufacturers, except appliances], [c], [take rate: 1.94]]",8,1487,991.7354279094736,994.8444890232532,1469696.4146801624,0.9875621890547264,0.9907281772953415,0.9907281772953415,0.9905020352781547,0.0,1.0,False,False,False,False,0.9970353477765108,99.27233326474293
22,35223308778,7298181.7830539495,44988,20417,162.2250774218447,112.07443352118122,163.4499966452302,2133.281988945612,2021-02-28,2022-10-26,606,21,2.2228149728816573e-05,0.0,1,44988,606,21,2142.285714285714,347532.46585971187,2142.285714285714,347532.46585971187,2.2034579027281187,357.4561288658446,1.0,1.0075507390278522,1.0,2.2228149728816573e-05,97802.77736056865,347532.465859712,0.2814205490661945,21,415545.10350412206,432717.26498377323,-0.039684484233128814,0.6555321545770681,2893.6233192697414,0.00039648550903303135,Euismod In Corp.,"[(books, periodicaLs, and newspapers), (b), (take rate: 4.19)]",8,1489,991.1031328791374,994.6792017595623,1401243.5039957198,0.9877883310719131,0.9918588873812755,0.9918588873812755,0.9914066033469019,2.2228149728816573e-05,0.9999777718502711,False,False,False,False,0.9940706955530216,99.25453018195512
23,49212265466,8140124.786927142,36052,18683,225.78843855894658,178.13389845952247,184.33396890153634,1742.3445378925128,2021-02-28,2022-10-26,606,21,2.773771219349828e-05,0.0,1,36052,606,21,1716.7619047619048,387624.98985367344,1716.7619047619048,387624.98985367344,1.929668682759728,435.69687881641823,1.0,0.8164012740334012,1.0,2.773771219349828e-05,108580.5969294775,387624.9898536734,0.28011763888201885,21,467654.36635997787,460487.3401703057,0.015564002665136332,0.5684311941337045,3322.157742965357,0.00040812123031586296,Auctor Company,"((florists supplies, nursery stocK, and flowers), (b), (take rate: 4.50))",8,1488,991.6153948950955,994.5564279032474,1520741.121870958,0.991180461329715,0.9882406151062868,0.9882406151062868,0.9880144730891,2.773771219349828e-05,0.9999722622878066,False,False,False,False,0.9984036488027366,99.23615938794875
24,48534649627,9408958.320743633,66437,22580,141.6222635089428,98.40349471777368,141.57598920680948,2100.5117482211763,2021-02-28,2022-10-26,606,21,0.0,0.0,0,66437,606,21,3163.6666666666665,448045.6343211254,3163.6666666666665,448045.6343211254,2.94229406554473,416.6943454713744,1.0,0.9996732554544264,1.0,0.0,126814.57168480067,448045.63432112534,0.28303940931585897,21,540566.4444061358,548524.6159935003,-0.014508321696648915,0.8144375553587245,2834.0380644552406,0.00030120635758446566,Dignissim Maecenas Foundation,"[[opticians, oPtical goods, and eyeglasses], [a], [take rate: 6.64]]",8,1490,991.5781512301666,994.7414213252947,1090804.1438102794,0.9968340117593849,0.994572591587517,0.994572591587517,0.994572591587517,0.0,1.0,False,False,False,False,0.9812998859749145,99.21363690513948
25,38090089066,8891003.866598839,51816,21286,171.5880011309024,143.60753393359238,121.31724476829422,1085.5261982947702,2021-02-28,2022-10-26,606,21,0.0,0.0,0,51816,606,21,2467.4285714285716,423381.13650470664,2467.4285714285716,423381.13650470664,2.434276049985906,417.6925616179103,1.0,0.7070263886094388,1.0,0.0,118730.7898795518,423381.13650470664,0.2804347658465693,21,520198.94593782676,534609.6952197585,-0.026955645232000613,0.7149300009395847,2322.491571658414,0.0002612181488733127,Interdum Feugiat Sed Inc.,"([furniture, home furnishings and equipment shOps, and manufacturErs, except appliances], [b], [take rate: 3.24])",8,1489,992.3803427723277,995.5736914121385,1160212.7906457142,0.9941203075531434,0.9927634554500226,0.9927634554500226,0.9927634554500226,0.0,1.0,False,False,False,False,0.9858608893956671,99.19649962068995
26,98973094975,6820457.860496931,54613,21561,124.88707561380863,111.30049918649765,72.21280842992248,636.1412782568381,2021-02-28,2022-10-26,606,21,0.0,0.0,0,54613,606,21,2600.6190476190477,324783.707642711,2600.6190476190477,324783.707642711,2.532953017021474,316.3330949629855,1.0,0.5782248329140792,1.0,0.0,92018.71998544347,324783.70764271094,0.28332307877546525,21,399542.16156434105,399447.7076965194,0.00023646115874928123,0.7397616066045174,1604.038692051499,0.00023518050032122486,Ornare Fusce Inc.,"[(hobby, toy and game shops), (a), (take rate: 5.98)]",8,1490,991.847253689976,995.0676183981875,1294942.9507469297,0.9850746268656716,0.9932157394843962,0.993441881501583,0.993441881501583,0.0,1.0,False,False,False,False,0.9899657924743444,99.19283544957909
27,49322182190,7854984.104789288,51903,21356,151.3396933662657,151.1441552209289,46.74854120747745,231.991630969312,2021-02-28,2022-10-26,606,21,1.9266709053426584e-05,0.0,1,51903,606,21,2471.5714285714284,374046.8621328232,2471.5714285714284,374046.8621328232,2.4303708559655366,367.811580108133,1.0,0.3088980832962221,1.0,1.9266709053426584e-05,106896.07420369137,374046.86213282327,0.2857825717188687,21,448516.5675097692,472431.163135541,-0.05062027548532129,0.7218112005993632,1407.7202105801684,0.00017921362943584606,Gravida Mauris Incorporated,"([watch, clock, and jewelry repair shops], [a], [take rate: 6.35])",8,1490,991.6359895508241,994.5445823797304,1184572.9447851423,0.9902758932609679,0.9929895974672094,0.9929895974672094,0.9929895974672094,1.9266709053426584e-05,0.9999807332909466,False,False,False,False,0.9870011402508552,99.17845411145582
28,90543168331,9016103.473188603,35042,18519,257.29420333281786,229.64196771700617,148.20670348482102,1764.5306094613932,2021-02-28,2022-10-26,606,21,0.0,0.0,0,35042,606,21,1668.6666666666667,429338.2606280287,1668.6666666666667,429338.2606280287,1.89221880231114,486.8569292720235,1.0,0.5760203749833849,1.0,0.0,124112.74454996533,429338.2606280287,0.289079161890709,21,513414.04676659196,507063.9346795332,0.012523296674751829,0.5553755602354339,2848.5040339389066,0.00031593515340740813,Phasellus Dapibus Incorporated,"([furniture, home furnishings and equipment shops, and manufActurers, except appliances], [c], [take rate: 2.68])",8,1490,991.7715177285509,994.7453192510802,1433415.5959195665,0.9950248756218906,0.9871099050203528,0.9871099050203528,0.9871099050203528,0.0,1.0,False,False,False,False,0.9952109464082098,99.16114204555124
29,68559320474,7672530.60168101,35551,18537,215.81757479904954,192.46919854803338,125.5484719997946,1099.0094617618865,2021-02-28,2022-10-26,606,21,0.0,0.0,0,35551,606,21,1692.904761904762,365358.6000800481,1692.904761904762,365358.6000800481,1.917839995684307,413.9035767212068,1.0,0.5817342360402964,1.0,0.0,103866.43978812847,365358.6000800481,0.28428628685727364,21,465383.86935271503,447800.2238432596,0.03926671889206132,0.5674057290823757,2116.9634559685,0.00027591463180409926,Aliquam Auctor Associates,"([antique shops - sales, repairs, and restoration serviCes], [b], [take rate: 4.20])",8,1486,990.3574980548696,993.5827272419742,1505649.6776551558,0.989145183175034,0.9873360470375395,0.9873360470375395,0.9877883310719131,0.0,1.0,False,False,False,False,0.9979475484606614,99.15945307153463
30,11240426404,7002465.708970703,54716,21575,127.97839222477343,100.5449225447378,105.08602527721868,1408.1517119315074,2021-02-28,2022-10-26,606,21,0.0,0.0,0,54716,606,21,2605.5238095238096,333450.74804622395,2605.5238095238096,333450.74804622395,2.5360834298957124,324.5638799059422,1.0,0.8211231868943314,1.0,0.0,93025.74571367489,333450.7480462239,0.2789789684345809,21,392464.76444233203,422662.1521599226,-0.0714456867341289,0.739837775202781,1876.026859125475,0.0002679094674783111,,,8,1490,991.6189437984497,994.573467230444,1103272.4986240414,0.9859791949344188,0.993441881501583,0.9936680235187698,0.9936680235187698,0.0,1.0,False,False,False,False,0.9828962371721779,99.04097218891549
31,76767266140,9349434.103541851,43585,20160,214.51036144411728,186.68628724833758,135.43958684267974,1241.8373865227932,2021-02-28,2022-10-26,606,21,0.0,0.0,0,43585,606,21,2075.4761904761904,445211.1477877072,2075.4761904761904,445211.1477877072,2.161954365079365,463.76161227886166,1.0,0.6313894859478082,1.0,0.0,126216.77129055661,445211.1477877072,0.2834986767913128,21,542158.0823097966,551628.1268162752,-0.017167443148947106,0.6450396825396826,2709.511370276394,0.00028980485238672875,Phasellus At Limited,"((furniture, home furnishings and equipment shops, and manufacturers,  except aPpliances), (b), (take rate: 4.65))",8,1485,991.6762315475203,994.8235472991652,1088625.5182096108,0.9963817277250113,0.9909543193125283,0.9909543193125283,0.9909543193125283,0.0,1.0,False,False,False,False,0.9810718358038768,99.0202377765985
32,63290521567,4402170.601100592,181876,24068,24.204241357301633,16.72689475734311,24.29642302205876,311.4398468237558,2021-02-28,2022-10-26,606,21,0.0,0.0,0,181876,606,21,8660.761904761905,209627.17148098056,8660.761904761905,209627.17148098056,7.556755858401196,182.90554267494565,1.0,1.0038084922140855,1.0,0.0,59643.57141075991,209627.17148098056,0.28452213989907965,21,251659.93826426435,258468.2468338075,-0.02634098638012129,0.9959697523682899,728.7627568126835,0.0001655462322678918,Vehicula Pellentesque Corporation,"((artist supply and craft shops), (a), (take rate: 6.48))",8,1490,991.6579067294547,994.6123215925077,940700.7783247745,0.9773857982813207,0.9979647218453188,0.9979647218453188,0.9977385798281321,0.0,1.0,False,False,False,False,0.978563283922463,99.01971303428951
33,35909341340,9528214.064781636,37985,19131,250.84149176731964,218.27501245579845,159.2784312960235,1670.4032776895556,2021-02-28,2022-10-26,606,21,0.0,0.0,0,37985,606,21,1808.8095238095239,453724.479275316,1808.8095238095239,453724.479275316,1.9855208823375674,498.0510200607201,1.0,0.6349764154798204,1.0,0.0,128803.36968940332,453724.4792753161,0.28388014218480495,21,553327.5097109657,547005.4114205595,0.011557652188463429,0.5858031467252104,2993.6477818251287,0.0003141877125630821,Arcu Sed Eu Incorporated,"[(computer programming , data processing, and integrated systems design services), (b), (take rate: 4.80)]",8,1489,991.8392671966816,994.8833862300852,1099508.9551851912,0.9975124378109452,0.989145183175034,0.989145183175034,0.989145183175034,0.0,1.0,False,False,False,False,0.982212086659065,98.97524789239249
34,41944909975,8437433.887531586,34461,18232,244.84007682689375,194.5022445332354,197.90106431388256,2247.5458304838676,2021-02-28,2022-10-26,606,21,0.0,0.0,0,34461,606,21,1641.0,401782.5660729327,1641.0,401782.5660729327,1.8901382185168933,462.7815866351243,1.0,0.8082870536501346,1.0,0.0,113908.77417952268,401782.5660729327,0.2835085038479386,21,500062.4035880378,511710.6659574379,-0.02276337615047665,0.5545195261079421,3227.045639981293,0.0003824676652874351,Et Nunc Consulting,"([books, periodicals, and newspapers], [e], [take rate: 0.16])",8,1489,992.1153846153846,994.5969914840151,1278094.933722964,0.9920850293984622,0.9864314789687924,0.9866576209859792,0.9866576209859792,0.0,1.0,False,False,False,False,0.9895096921322691,98.94737595323888
35,96680767841,9806731.153473796,31134,17471,314.9846198199331,273.55484976019557,199.12098688561716,1916.4908995560097,2021-02-28,2022-10-26,606,21,0.0,0.0,0,31134,606,21,1482.5714285714287,466987.1977844665,1482.5714285714287,466987.1977844665,1.782038807166161,561.3148161796003,1.0,0.6321609829694175,1.0,0.0,132399.590168809,466987.1977844665,0.28351867202560177,21,562906.4227606818,568043.7697220547,-0.00904392801260121,0.5088432259172343,3548.719446569222,0.0003618656809320376,Ornare Limited,"([motor vehicle supplies and new parts], [a], [take rate: 5.91])",8,1485,991.8856264411991,994.9462720983859,1175037.4790203664,0.9997738579828132,0.9848484848484849,0.9848484848484849,0.9848484848484849,0.0,1.0,False,False,False,False,0.9863169897377423,98.89695685561
36,23338656015,5746653.061624944,39696,19470,144.7665523383954,126.19135441781864,91.59645914045501,923.8322960682289,2021-02-28,2022-10-26,606,21,0.0,0.0,0,39696,606,21,1890.2857142857142,273650.145791664,1890.2857142857142,273650.145791664,2.038828967642527,295.1542404532586,1.0,0.6327183846054856,1.0,0.0,78889.43136754174,273650.14579166396,0.2882857275274468,21,336013.6000563711,328350.8686448808,0.023337021897078584,0.6042629686697484,1946.916390379963,0.0003387913572477692,Iaculis LLC,"([watch, clock, And jewelry repair shops], [b], [take rate: 3.25])",8,1487,991.0739397237085,994.2778936549681,1176823.9753743429,0.9821347806422434,0.9898236092265943,0.9898236092265943,0.9898236092265943,0.0,1.0,False,False,False,False,0.98654503990878,98.88682816868287
37,67400260923,5629514.836403889,37554,19033,149.90453310975897,118.5559883727197,121.58409447371658,1104.361764770203,2021-02-28,2022-10-26,606,21,0.0,0.0,0,37554,606,21,1788.2857142857142,268072.13506685186,1788.2857142857142,268072.13506685186,1.9730993537540062,295.77653740366145,1.0,0.8110768363802155,1.0,0.0,75874.10586273369,268072.13506685186,0.2830361531004041,21,319241.9426459594,317231.64678112994,0.006336996592954748,0.5818840960437136,1917.3180943471555,0.00034058318524157765,Eleifend PC,"[(computer programming , data Processing, and integrated sYStems design services), (a), (take rate: 5.97)]",8,1487,990.714568247791,993.8361351239274,1142866.8653725432,0.9810040705563093,0.9889190411578471,0.9889190411578471,0.9889190411578471,0.0,1.0,False,False,False,False,0.9854047890535917,98.79613284257677
38,94690988633,6331376.663970805,31353,17575,201.9384640694927,139.8771533994285,200.6808494910932,2011.3466203294329,2021-02-28,2022-10-26,606,21,0.0,0.0,0,31353,606,21,1493.0,301494.1268557526,1493.0,301494.1268557526,1.7839544807965861,360.2490278219519,1.0,0.993772288086896,1.0,0.0,84510.30932258627,301494.12685575266,0.28030499367909584,21,381622.55885466776,364245.8429324066,0.04770601026594501,0.5155618776671408,2604.8755149591148,0.0004114232422440388,Eu Placerat LLC,"[[computers, computer peripheral equipment, and Software], [a], [take rate: 6.16]]",8,1488,991.4041226862475,993.889551782163,1300843.2204798174,0.9834916327453641,0.9850746268656716,0.9850746268656716,0.9850746268656716,0.0,1.0,False,False,False,False,0.9908779931584949,98.77805566342643
39,50315283629,9628646.264524331,29847,17150,322.60013617865553,288.53765284462867,186.3000731592309,1755.062471243376,2021-02-28,2022-10-26,606,21,0.0,0.0,0,29847,606,21,1421.2857142857142,458506.9649773491,1421.2857142857142,458506.9649773491,1.7403498542274052,561.4370999722643,1.0,0.5774953332817508,1.0,0.0,130900.91550302727,458506.9649773491,0.285493843064072,21,542310.5379131646,547808.349835805,-0.010036013369070198,0.4926530612244898,3148.5302035090863,0.0003269961443188014,Iaculis Aliquet Diam LLC,"[[lawn and garden supply outlets, incLuding nurseries], [c], [take rate: 1.76]]",8,1487,991.6454175234869,994.3892584976412,1102932.549237446,0.9984170058796924,0.9841700587969244,0.9839439167797377,0.9837177747625508,0.0,1.0,False,False,False,False,0.9826681870011402,98.74128631229671
40,77590625261,7607428.896346169,25179,15638,302.13387729243294,271.302094660201,172.51386757843127,1444.6606249199995,2021-02-28,2022-10-26,606,21,0.0,0.0,0,25179,606,21,1199.0,362258.51887362706,1199.0,362258.51887362706,1.6101163831692031,486.47070573898,1.0,0.5709848532194107,1.0,0.0,103724.26984016389,362258.5188736272,0.2863266546848214,21,439786.5043983737,445013.6118261205,-0.011745949536908084,0.43291981071748303,2728.246871350078,0.0003586292962475731,Sed Diam Foundation,"((computer programming , data processing, and integrated systems design services), (b), (take rate: 3.24))",8,1485,991.255732682273,994.3276365551247,1522007.6930752075,0.9889190411578471,0.9785165083672547,0.9782903663500678,0.9782903663500678,0.0,1.0,False,False,False,False,0.9988597491448119,98.72432050383514
41,81219314324,4468821.772030481,50473,21127,88.53885784539222,88.50487586660475,33.61361746970817,146.9995057153148,2021-02-28,2022-10-26,606,21,0.0,0.0,0,50473,606,21,2403.4761904761904,212801.03676335624,2403.4761904761904,212801.03676335624,2.389028257679746,211.5218332953321,1.0,0.3796481938857257,1.0,0.0,60836.12267110653,212801.0367633562,0.28588264228599075,21,262570.9295591996,269044.41520000173,-0.024061029611002635,0.708240639939414,951.3650245707198,0.00021288945344053223,Faucibus Leo Ltd,"([gift, card, novelty, and souvenir shops], [a], [take rate: 6.35])",8,1488,991.6959509436664,994.9181360502016,837253.6175191789,0.9778380823156942,0.9925373134328358,0.9925373134328358,0.9925373134328358,0.0,1.0,False,False,False,False,0.976738882554162,98.71290897023125
42,80518954462,8939665.147321228,29750,17113,300.49294612844466,237.17143850891165,246.06335130210093,2675.9088668969566,2021-02-28,2022-10-26,606,21,0.0,0.0,0,29750,606,21,1416.6666666666667,425698.3403486299,1416.6666666666667,425698.3403486299,1.738444457430024,522.3902966938134,1.0,0.8188656488359697,1.0,0.0,122041.2057712894,425698.3403486299,0.28668471122378003,21,501494.82625277044,529777.2096492011,-0.05338542859395225,0.49155612692105416,3946.4047016772793,0.0004414488279641906,Neque Sed Dictum Incorporated,"((computers, compUter peripheral equipment, and software), (b), (take rate: 3.49))",8,1488,991.2661348803481,994.3375231649343,1132332.7573039045,0.994572591587517,0.9839439167797377,0.9837177747625508,0.9834916327453641,0.0,1.0,False,False,False,False,0.9838084378563284,98.70081926843443
43,98269572896,3931674.5389162214,45653,20484,86.12083628493683,59.9346926716919,85.37126093612744,1131.5444273684595,2021-02-28,2022-10-26,606,21,0.0,0.0,0,45653,606,21,2173.9523809523807,187222.59709124864,2173.9523809523807,187222.59709124864,2.2287150947080647,191.93880779712075,1.0,0.9912962369950825,1.0,0.0,53219.919629018856,187222.59709124867,0.28426012915033166,21,236711.3853523177,224582.81296578434,0.054004900136241436,0.6654950205038078,1513.316513105453,0.00038490381086390827,Eget Laoreet Posuere PC,"[(furniture, home furnishings and equipment shops, and manufacturers, except appliances), (b), (take rate: 3.59)]",8,1489,991.9847766540245,995.1463074167721,764445.3439145193,0.9758028041610132,0.9920850293984622,0.9920850293984622,0.9920850293984622,0.0,1.0,False,False,False,False,0.976054732041049,98.64266183336453
44,34179569263,7824987.83942907,23133,14802,338.260832552158,234.16589500720863,337.6477642713788,3435.060191307053,2021-02-28,2022-10-26,606,21,0.0,0.0,0,23133,606,21,1101.5714285714287,372618.46854424145,1101.5714285714287,372618.46854424145,1.5628293473854884,528.643956183561,1.0,0.998187587146423,1.0,0.0,107691.91196549323,372618.4685442414,0.2890138870094864,21,446704.40186564595,418156.47658475064,0.06827091502697152,0.40872855019591947,4690.7239271019735,0.0005994544686019883,Sodales At LLC,"[(music shops - musical instruments, pianos, and sheet music), (b), (take rate: 4.72)]",8,1481,991.1199377754732,994.4958776250973,1599442.396214205,0.9900497512437811,0.9755766621438263,0.9755766621438263,0.9764812302125735,0.0,1.0,False,False,False,False,0.9997719498289623,98.6374466426033
45,84703983173,4249850.57120068,42415,19839,100.19687778381893,69.53677990654407,100.24693856140239,1273.7855510395618,2021-02-28,2022-10-26,606,21,0.0,0.0,0,42415,606,21,2019.7619047619048,202373.8367238419,2019.7619047619048,202373.8367238419,2.13796058269066,214.21697521047835,1.0,1.000499624126926,1.0,0.0,57715.016268417356,202373.8367238419,0.285190107588734,21,247871.0387341692,259710.53693054165,-0.04558728473746469,0.6422198699531226,1630.5086452326145,0.0003836625824639191,Amet Consulting,"((computer programming , data processing, and integratEd systems design services), (c), (take rate: 2.31))",8,1487,991.5668000113485,994.5212642210685,789297.7219855696,0.9771596562641339,0.9905020352781547,0.9905020352781547,0.9907281772953415,0.0,1.0,False,False,False,False,0.9762827822120866,98.59295829342972
46,27093785141,9753403.834746335,25928,15836,376.1726255301734,298.08397950203164,307.4430278380186,2911.4480192419883,2021-02-28,2022-10-26,606,21,0.0,0.0,0,25928,606,21,1234.6666666666667,464447.8016545874,1234.6666666666667,464447.8016545874,1.6372821419550392,615.900722072893,1.0,0.8172923997452285,1.0,0.0,134743.35588875978,464447.80165458744,0.29011517636371376,21,533148.1253307549,566007.4733415752,-0.05805461863750042,0.4499873705481182,5417.947259208547,0.0005554929695320522,Placerat Orci Institute,"[[stationery, office suppliEs and printing and writing paper], [c], [take rate: 2.73]]",8,1483,991.7687901648505,994.7370773959207,1133777.2846705846,0.9995477159656264,0.979194934418815,0.979194934418815,0.980325644504749,0.0,1.0,False,False,False,False,0.984036488027366,98.5708353123983
47,42355028515,5499730.252149946,34518,18240,159.32934272408443,125.90601637567443,130.81577626788746,1647.688724163379,2021-02-28,2022-10-26,606,21,0.0,0.0,0,34518,606,21,1643.7142857142858,261891.91676904506,1643.7142857142858,261891.91676904506,1.8924342105263159,301.5202989117295,1.0,0.8210400798202325,1.0,0.0,74165.10021214106,261891.91676904506,0.28318972623177646,21,310462.6895213603,305513.09719398274,0.01620091699124403,0.5547697368421053,1936.4228262356191,0.0003520941459771842,Eu Inc.,"[[lawn and garden supply outlets, including nurseries], [a], [take rate: 5.97]]",8,1485,990.9900575614861,994.0993894993895,1082745.369686813,0.980325644504749,0.9866576209859792,0.9868837630031659,0.9868837630031659,0.0,1.0,False,False,False,False,0.9806157354618016,98.55994336393083
48,29616684420,3851997.318081882,44525,20225,86.51313460037916,68.1696543363673,70.54370250378506,739.7392785061623,2021-02-28,2022-10-26,606,21,0.0,0.0,0,44525,606,21,2120.2380952380954,183428.44371818486,2120.2380952380954,183428.44371818486,2.2014833127317677,190.45722215485202,1.0,0.8154103169378848,1.0,0.0,53919.958896112454,183428.44371818486,0.2939563668705264,21,224924.9977808778,225599.42313790417,-0.002989481744437379,0.6582941903584673,1214.9101093095721,0.0003153974442314881,Tellus Id LLC,"((watch,  clock, and jewelry repair shops), (b), (take rate: 3.50))",8,1490,991.5269547269221,994.7507672252248,654427.7551292668,0.9755766621438263,0.991180461329715,0.991180461329715,0.9918588873812755,0.0,1.0,False,False,False,False,0.9735461801596351,98.54150389340742
49,58454491168,6671812.947900887,26611,16181,250.71635593930654,218.9240945413281,158.17577772728674,1308.9092372334185,2021-02-28,2022-10-26,606,21,0.0,0.0,0,26611,606,21,1267.1904761904761,317705.3784714708,1267.1904761904761,317705.3784714708,1.6445831530807737,412.3238951795864,1.0,0.6308953284466928,1.0,0.0,87910.2133101167,317705.3784714707,0.27670357276627233,21,381524.29415156605,390160.2704922681,-0.02213443293394779,0.45182621593226624,2462.703953505779,0.00036912065322224075,Diam At Foundation,"([computer programming , datA processing, and intEgrated systems design services], [a], [take rate: 6.01])",8,1484,991.6386983209966,994.7967593428417,1234688.5591619895,0.984622342831298,0.9810040705563093,0.9805517865219358,0.9805517865219358,0.0,1.0,False,False,False,False,0.9883694412770809,98.51520618118074
50,22033359776,8867384.006426,23468,15062,377.8500087960627,337.5252551235985,218.68801350500695,1724.0622779467262,2021-02-28,2022-10-26,606,21,0.0,0.0,0,23468,606,21,1117.5238095238096,422256.3812583809,1117.5238095238096,422256.3812583809,1.5580932147125215,588.7255348842118,1.0,0.5787693751862253,1.0,0.0,115068.482119493,422256.381258381,0.27250856879077445,21,521427.5792905796,536131.3211103886,-0.02742563480409222,0.40598858053379366,3751.808023971643,0.0004231020130912104,Suspendisse Non Leo PC,"((motor vehicle supplies and new parts), (b), (take rate: 3.10))",8,1483,991.563272393014,994.6950260443264,1300672.4231189955,0.9936680235187698,0.9771596562641339,0.9769335142469471,0.9760289461781999,0.0,1.0,False,False,False,False,0.9906499429874572,98.50889895912786
51,21772962346,5157794.458798658,33953,18283,151.909830023817,105.14318318494931,152.025932055392,1572.6060970670153,2021-02-28,2022-10-26,606,21,0.0,0.0,0,33953,606,21,1616.8095238095239,245609.25994279323,1616.8095238095239,245609.25994279323,1.857080347864136,282.1087599846118,1.0,1.0007642825454863,1.0,0.0,68739.87454971626,245609.25994279323,0.2798749304717868,21,302798.9660529198,294893.60982323077,0.02680748570451482,0.5427993217743259,2545.774557499535,0.0004935781326370441,Purus Gravida Sagittis Ltd,"((florists supplies, nursery stock, and flowers), (a), (take rate: 6.63))",8,1486,991.688116885414,994.3991934057382,982490.0422362009,0.9794210764360018,0.9868837630031659,0.9864314789687924,0.9864314789687924,0.0,1.0,False,False,False,False,0.9790193842645382,98.49742038228057
52,76314317957,4984309.616983739,33333,18071,149.53078381735034,102.84696351400322,150.16425638116934,1574.8845596995827,2021-02-28,2022-10-26,606,21,0.0,0.0,0,33333,606,21,1587.2857142857142,237348.07699922565,1587.2857142857142,237348.07699922565,1.8445575784405954,275.8181405004559,1.0,1.0042364023490493,1.0,0.0,67611.3383804347,237348.07699922557,0.284861538527044,21,290399.4953049619,293066.4839169226,-0.009100285287882648,0.5356648774279232,2300.7696808546425,0.0004616024801137768,Semper Corp.,"([florists supplies, nursery stock, and flOwers], [a], [take rate: 5.93])",8,1485,990.7100661965751,993.9698517772341,994990.8106720012,0.9787426503844414,0.9859791949344188,0.985753052917232,0.985753052917232,0.0,1.0,False,False,False,False,0.979703534777651,98.46590361141322
53,67202032418,6847856.830166538,25504,15751,268.50128725558886,232.90239920110287,170.8940322055375,1519.7380365710949,2021-02-28,2022-10-26,606,21,0.0,0.0,0,25504,606,21,1214.4761904761904,326088.42048412084,1214.4761904761904,326088.42048412084,1.6191987810297759,434.75695702917517,1.0,0.6364737910655225,1.0,0.0,94499.03526906119,326088.42048412084,0.28979574045826295,21,376308.60808300466,393736.47479699564,-0.044262769211251045,0.4348295346327217,2929.2687302256295,0.0004277643068297604,,,8,1486,991.6224066390041,994.897585816673,1263994.9727960578,0.9855269109000452,0.9787426503844414,0.9789687924016283,0.9785165083672547,0.0,1.0,False,False,False,False,0.9892816419612315,98.45207723175353
54,93558142492,8851903.693455992,21838,14401,405.344065090942,353.6202133331982,255.0171125682749,2531.482592144961,2021-02-28,2022-10-26,606,21,0.0,0.0,0,21838,606,21,1039.904761904762,421519.2234979044,1039.904761904762,421519.2234979044,1.5164224706617595,614.6728486532875,1.0,0.6291374033342757,1.0,0.0,117336.08349639102,421519.2234979045,0.27836472681529867,21,497363.35008048435,527650.1880013705,-0.05739946390544545,0.38247343934448996,4548.962355221823,0.0005138965032555387,Dolor Quisque Inc.,"((shoe shops), (b), (take rate: 3.41))",8,1477,991.3027613955795,994.4253431075346,1389605.4798392036,0.9932157394843962,0.9739936680235187,0.973767526006332,0.973767526006332,0.0,1.0,False,False,False,False,0.9938426453819841,98.43720136747588
55,37379915451,5724909.179273906,26467,16051,216.3036679364456,182.1258294291894,152.98555340095282,1388.8365335987894,2021-02-28,2022-10-26,606,21,0.0,0.0,0,26467,606,21,1260.3333333333333,272614.722822567,1260.3333333333333,272614.722822567,1.648931530745748,356.6699382763632,1.0,0.7072721182236404,1.0,0.0,77725.73312792403,272614.7228225669,0.2851120156797707,21,336122.3440378915,337376.9588311352,-0.003718732890326588,0.4496916079995016,2634.6831179835453,0.0004602139589431363,Tempor Est Ac Corporation,"[(lawn and garden supply outlets, including nurseries), (c), (take rate: 1.57)]",8,1485,992.4168148452104,995.4003556285049,1178389.9289701243,0.9814563545906829,0.9800995024875622,0.9800995024875622,0.9798733604703754,0.0,1.0,False,False,False,False,0.9867730900798175,98.39275556497599
56,90173050473,5989974.080855503,25186,15569,237.82951166741455,237.98140685850768,111.28232465850968,429.97010677451493,2021-02-28,2022-10-26,606,21,0.0,0.0,0,25186,606,21,1199.3333333333333,285236.8609931192,1199.3333333333333,285236.8609931192,1.6177018434067698,384.7372394409084,1.0,0.4679079727251388,1.0,0.0,79025.93351409856,285236.86099311913,0.2770537203324676,21,348366.4264006494,347654.5758721131,0.0020475799196676327,0.4373434388849637,1836.7450345850152,0.00030663655798702334,Lobortis Class Industries,"[[lawn and garden supply outlets, including nurseries], [c], [take rate: 2.49]]",8,1482,991.2701026008112,994.5969935576235,1231088.4048198028,0.9823609226594301,0.9782903663500678,0.9785165083672547,0.9789687924016283,0.0,1.0,False,False,False,False,0.9881413911060434,98.36703545607713
57,76626119831,3840745.410328126,35880,18680,107.04418646399459,84.18702618759748,88.08473256899424,980.5317144050963,2021-02-28,2022-10-26,606,21,0.0,0.0,0,35880,606,21,1708.5714285714287,182892.63858705363,1708.5714285714287,182892.63858705363,1.9207708779443255,205.60735601328298,1.0,0.8228819843347817,1.0,0.0,51703.33919842186,182892.63858705363,0.2826977597231831,21,225183.2126559457,222742.40390450903,0.010957988728913364,0.5639721627408993,1601.145857862012,0.0004168841427386413,Tristique Pellentesque Inc.,"[[antique shops - sales, repairs, and restoration services], [c], [take rate: 1.99]]",8,1487,991.8780675875017,994.9039493093737,656147.6594037324,0.9753505201266395,0.9880144730891,0.9877883310719131,0.9873360470375395,0.0,1.0,False,False,False,False,0.9737742303306728,98.36176869359021
58,11439466003,4882819.3584498,29888,17089,163.3705620466341,113.60254836251971,164.3296587402258,1770.1527405981496,2021-02-28,2022-10-26,606,21,0.0,0.0,0,29888,606,21,1423.2380952380952,232515.20754522856,1423.2380952380952,232515.20754522856,1.7489613201474632,285.72879387031423,1.0,1.005870682463086,1.0,0.0,66213.28269684983,232515.20754522856,0.28476968623211496,21,286244.9590300993,280796.7014666242,0.019402854574211013,0.49897594944116097,2128.7473803153002,0.00043596685112494844,Blandit At LLC,"[[shoe shops], [a], [take rate: 5.71]]",8,1486,991.5395941748357,994.3059018112873,988935.8841421736,0.9782903663500678,0.9837177747625508,0.9841700587969244,0.9841700587969244,0.0,1.0,False,False,False,False,0.9792474344355758,98.35499861529915
59,46298404088,2697559.454433535,41732,19804,64.6400712746462,57.548844525582375,37.53567864919349,341.68697163979436,2021-02-28,2022-10-26,606,21,0.0,0.0,0,41732,606,21,1987.2380952380952,128455.21211588263,1987.2380952380952,128455.21211588263,2.10725106039184,136.21285873730233,1.0,0.5806874576253155,1.0,0.0,36482.026727097946,128455.21211588263,0.2840058112565071,21,151758.92532239252,155304.25749269413,-0.022828299929049868,0.6268935568572006,754.7225770995939,0.0002797797749588727,Feugiat Sed Nec Institute,"[[books, periodicals, and newspapers], [a], [take rate: 6.16]]",8,1488,990.968120708557,994.1094858923317,566479.4505608683,0.9692446856625961,0.9902758932609679,0.9902758932609679,0.9902758932609679,0.0,1.0,False,False,False,False,0.9712656784492588,98.3341069092188
60,39649557865,9857402.328111364,21919,14462,449.71952772076116,357.0837202378232,363.93145439066075,3446.6448307664855,2021-02-28,2022-10-26,606,21,0.0,0.0,0,21919,606,21,1043.7619047619048,469400.1108624459,1043.7619047619048,469400.1108624459,1.5156271608352925,681.6071309716058,1.0,0.8092409423160122,1.0,0.0,131992.8237951202,469400.1108624459,0.2811947009398975,21,578308.3381640043,555015.242506726,0.041968389105991155,0.3798921311021989,4485.036787701213,0.0004549917552731691,Arcu Morbi Institute,"([artist supply and craft shops], [c], [take rate: 1.47])",8,1483,991.323182441701,994.4099862825789,1137658.8153404617,1.0,0.9746720940750792,0.9742198100407056,0.9735413839891451,0.0,1.0,False,False,False,False,0.9844925883694413,98.32217450118537
61,83690644458,3183223.7621428915,35852,18665,88.78789920068313,89.03968736480022,33.785628186511865,146.99866172578504,2021-02-28,2022-10-26,606,21,0.0,0.0,0,35852,606,21,1707.2380952380952,151582.08391156627,1707.2380952380952,151582.08391156627,1.9208143584248594,170.54507163905126,1.0,0.3805206395316077,1.0,0.0,42782.64901025432,151582.08391156627,0.2822408025160409,21,182178.61160549388,176655.17112583388,0.03126679193401917,0.5652290383069917,861.7182160907589,0.00027070613958682724,Id Erat Etiam Consulting,"[(gift, card, novelty, and souvenir shops), (b), (take rate: 3.15)]",8,1489,992.0276497695853,994.9434895220155,630877.2361018246,0.972636815920398,0.9877883310719131,0.9875621890547264,0.9875621890547264,0.0,1.0,False,False,False,False,0.9728620296465222,98.29373527304908
62,21359184622,6501298.219555925,20651,13872,314.8175981577611,275.05967929908684,197.99988983479147,2065.193721488684,2021-02-28,2022-10-26,606,21,0.0,0.0,0,20651,606,21,983.3809523809524,309585.6295026631,983.3809523809524,309585.6295026631,1.4886822376009228,468.66336646164393,1.0,0.6289352659871636,1.0,0.0,89767.81586896972,309585.6295026631,0.2899611846104682,21,366185.14848865883,393312.71859959105,-0.06897201343379195,0.36858419838523643,2853.0206873746647,0.0004388386120779339,Sit Amet PC,"((motor vehicle supplies and new parts), (b), (take rate: 3.60))",8,1477,990.7308699447192,993.863718359034,1411408.5652136772,0.9841700587969244,0.9719583898688376,0.9717322478516508,0.9719583898688376,0.0,1.0,False,False,False,False,0.9949828962371722,98.23165065106724
63,17488304283,3317882.8451392674,33901,18225,97.8697632854272,85.24221799242176,62.0277599653547,520.8693031698067,2021-02-28,2022-10-26,606,21,0.0,0.0,0,33901,606,21,1614.3333333333333,157994.42119710796,1614.3333333333333,157994.42119710796,1.8601371742112482,182.05118491847833,1.0,0.633778583733334,1.0,0.0,44092.47974879403,157994.421197108,0.27907618139115103,21,193261.70462275465,197792.96829703028,-0.022909124188231635,0.5415089163237311,1051.051756051188,0.00031678386643186924,Posuere Cubilia Curae Corporation,"((cable, satellite, and other pay television and radio services), (a), (take rate: 6.18))",8,1488,991.0672909793906,994.1234436522294,616375.4316093065,0.9735413839891451,0.9862053369516056,0.9862053369516056,0.9862053369516056,0.0,1.0,False,False,False,False,0.972405929304447,98.22353584002865
64,78760357380,6031585.644893527,20225,13653,298.22425932724485,235.7467986216159,242.94470828976603,2236.1772371775155,2021-02-28,2022-10-26,606,21,0.0,0.0,0,20225,606,21,963.0952380952381,287218.3640425489,963.0952380952381,287218.3640425489,1.4813594081886765,441.7773123045138,1.0,0.8146376449649593,1.0,0.0,80886.79729549434,287218.36404254887,0.28162125902058155,21,346704.19052465743,361487.23564228637,-0.04089506809656111,0.36526770673112136,3009.32432399612,0.0004989275625297437,Nibh Aliquam Corp.,"([computers, computer peripheral equipment, and software], [c], [take rate: 1.61])",8,1472,991.8166736289312,995.0370591394641,1308381.2911960564,0.9825870646766169,0.9712799638172772,0.9712799638172772,0.9715061058344641,0.0,1.0,False,False,False,False,0.9911060433295324,98.08384737450922
65,89932674734,7756405.080998684,17380,12413,446.28337635205315,352.6443400511099,365.5978324861768,3288.36798545257,2021-02-28,2022-10-26,606,21,0.0,0.0,0,17380,606,21,827.6190476190476,369352.62290469924,827.6190476190476,369352.62290469924,1.4001450092644807,624.8614421170292,1.0,0.8192055807110612,1.0,0.0,104216.39980251272,369352.62290469924,0.28215963104018016,21,431378.3405971031,442550.64214010374,-0.025245249874620374,0.31765084991541126,4441.136544391227,0.0005725766638040782,Nulla Vulputate Company,"((aRtist supply and craft shops), (c), (take rate: 1.67))",8,1477,990.5528438469494,993.5598069631162,1481878.6298740432,0.9895974672094076,0.9654002713704206,0.964947987336047,0.9651741293532339,0.0,1.0,False,False,False,False,0.9972633979475485,98.03538413457746
66,20562405782,2817859.3019307023,26972,16178,104.47350222195989,91.07857380449164,65.96471605036112,564.3152694986821,2021-02-28,2022-10-26,606,21,0.0,0.0,0,26972,606,21,1284.3809523809523,134183.7762824144,1284.3809523809523,134183.7762824144,1.6672023735937693,174.17847088210547,1.0,0.6314014046376595,1.0,0.0,38795.112962763356,134183.7762824144,0.28911925150408585,21,162591.2982691055,165164.33487402851,-0.01557864539511806,0.46149091358635186,1046.6704211591377,0.00037144168995307695,,,8,1486,991.8821950892258,995.4773022049287,571037.1539895177,0.9708276797829036,0.9807779285391226,0.9810040705563093,0.9814563545906829,0.0,1.0,False,False,False,False,0.9719498289623717,97.91362586879019
67,15560455575,2569885.6559493872,29246,16886,87.8713552605275,76.59417969070921,55.815897171053436,517.7337946577742,2021-02-28,2022-10-26,606,21,0.0,0.0,0,29246,606,21,1392.6666666666667,122375.50742616129,1392.6666666666667,122375.50742616129,1.731967310197797,152.19031481401086,1.0,0.6352001400862242,1.0,0.0,34847.030564458575,122375.50742616128,0.28475494236854965,21,145717.89439569644,144993.92512220744,0.0049931007307982295,0.48667535236290416,1005.9038528495876,0.0003914196923590278,Morbi Accumsan Laoreet Industries,"[[digital goods: books, movies, music], [b], [take rate: 4.08]]",8,1488,992.0385075735688,994.8940938544719,500939.97012701305,0.968340117593849,0.9832654907281773,0.9832654907281773,0.9832654907281773,0.0,1.0,False,False,False,False,0.9683010262257696,97.89590195596084
68,71528203369,1879794.0023487874,32404,17897,58.01117153279803,40.570540055803285,58.02752873796047,709.4286353542378,2021-02-28,2022-10-26,606,21,0.0,0.0,0,32404,606,21,1543.047619047619,89514.00011184702,1543.047619047619,89514.00011184702,1.8105827792367435,105.03402818063292,1.0,1.0002819664683584,1.0,0.0,25286.342817557466,89514.00011184701,0.2824847821118751,21,114101.0171579046,105451.23327663023,0.08202638899995976,0.5219310498966307,870.731041003504,0.0004632055639689948,Ipsum Primis Associates,"((watch, clock, and jewelry repair shops), (a), (take rate: 6.94))",8,1486,991.3531543524887,994.3874713408771,394277.70773911406,0.964947987336047,0.9853007688828584,0.9853007688828584,0.9853007688828584,0.0,1.0,False,False,False,False,0.9655644241733181,97.87836885851658
69,81761494572,3031720.579660497,26265,15995,115.42815837275832,96.67077847257936,81.89846607399475,761.8668963030317,2021-02-28,2022-10-26,606,21,0.0,0.0,0,26265,606,21,1250.7142857142858,144367.64665049987,1250.7142857142858,144367.64665049987,1.6420756486402002,189.54176803129084,1.0,0.7095189529881926,1.0,0.0,41518.544620152075,144367.6466504999,0.28758898259708043,21,166885.21333122213,180826.24855041862,-0.07709630283741357,0.45239137230384496,1164.6279841300177,0.0003841475338932577,Nulla Facilisis Institute,"([watch, clock, and jewelry repaIr shops], [a], [take rate: 6.82])",8,1481,991.4542552221108,994.7503420596552,541193.4442928096,0.9717322478516508,0.9798733604703754,0.9798733604703754,0.9807779285391226,0.0,1.0,False,False,False,False,0.9698973774230331,97.83065469790057
70,94455880010,2705380.093626888,26684,16177,101.3858527067489,70.20761246491904,101.82071986026011,1000.0774402325268,2021-02-28,2022-10-26,606,21,0.0,0.0,0,26684,606,21,1270.6666666666667,128827.62350604229,1270.6666666666667,128827.62350604229,1.6495023799221116,167.236205330215,1.0,1.004289229137018,1.0,0.0,36198.35112465612,128827.6235060423,0.2809828369065454,21,154468.97803784668,155985.18754843494,-0.009720214684599226,0.4451381591147926,1432.7398823472208,0.0005295891271331343,Nunc Sit LLC,"[[computer programming , datA procEssing, and integrated systemS design services], [a], [take rate: 6.33]]",8,1484,991.8235905312613,995.233872425009,560880.6632381874,0.9694708276797829,0.9805517865219358,0.9807779285391226,0.979194934418815,0.0,1.0,False,False,False,False,0.9705815279361459,97.81722928840819
71,34096466752,9230427.297790341,18458,12830,500.07732678461053,434.85764097267133,314.54471084983237,2820.8599619842103,2021-02-28,2022-10-26,606,21,0.0,0.0,0,18458,606,21,878.952380952381,439544.1570376353,878.952380952381,439544.1570376353,1.4386593920498831,719.4409429298785,1.0,0.6289921458193017,1.0,0.0,123129.09291781332,439544.1570376353,0.28012906313590374,21,533489.3649774365,540615.9479417638,-0.01318233949897274,0.33889321901792674,4005.0883325271147,0.00043390064222551076,Nullam Enim Ltd,"([computers, computer peripheral equipment, and software], [b], [take rate: 3.22])",8,1471,991.9448783027464,994.8634647923988,1079126.8304103692,0.9959294436906377,0.9668701944821347,0.9676616915422885,0.9676616915422885,0.0,1.0,False,False,False,False,0.9803876852907639,97.81588842354
72,76819856970,7526629.283516597,16508,11948,455.9382895272957,309.3538883788796,465.5324491271471,5640.607502916251,2021-02-28,2022-10-26,606,21,0.0,0.0,0,16508,606,21,786.0952380952381,358410.9182626951,786.0952380952381,358410.9182626951,1.3816538332775359,629.9488854633911,1.0,1.021042671388267,1.0,0.0,97999.21639061754,358410.9182626951,0.27342698393688336,21,415273.88389327825,421360.67361106793,-0.014445557212603143,0.3013893538667559,5640.607502916251,0.0007494201309036497,Egestas Blandit Ltd,"((tent and awning shops), (b), (take rate: 3.19))",8,1473,990.6563298066399,993.6066399124408,1405328.7242460686,0.9882406151062868,0.9620081411126187,0.9622342831298055,0.9620081411126187,0.0,1.0,False,False,False,False,0.994526795895097,97.79057830986045
73,45433476494,7156933.572745645,15854,11522,451.42762537817873,449.3280795571368,200.38946151308798,799.9388611472723,2021-02-28,2022-10-26,606,21,0.0,0.0,0,15854,606,21,754.952380952381,340806.3606069355,754.952380952381,340806.3606069355,1.3759763929873285,621.1537556627014,1.0,0.4439016361597583,1.0,0.0,101038.65539776825,340806.36060693546,0.296469394578876,21,436425.4188844109,435684.90564362326,0.0016996531924686987,0.29916681131747963,3281.6127195619447,0.0004585221710117124,Adipiscing Elit Foundation,"[[computers, computer peripheral equipment,  and software], [a], [take rate: 5.82]]",8,1461,991.8348450491308,994.8258503401361,1521904.3622471837,0.9866576209859792,0.9591813658977838,0.9599728629579376,0.9615558570782451,0.0,1.0,False,False,False,False,0.9986316989737742,97.77221490763246
74,99976658299,3466969.105051251,23148,14901,149.77402389196695,133.4841613746201,86.99971475308404,671.566546259,2021-02-28,2022-10-26,606,21,0.0,0.0,0,23148,606,21,1102.2857142857142,165093.76690720243,1102.2857142857142,165093.76690720243,1.5534527884034628,232.66687504538294,1.0,0.5808731881026148,1.0,0.0,47549.54109834159,165093.7669072024,0.2880153623550714,21,189018.14804198663,199268.69482465016,-0.05144082863434053,0.4062143480303335,1337.7567630296255,0.0003858577110135078,Sociosqu Corp.,"((shoe  shops), (a), (take rate: 6.57))",8,1484,991.5212633544238,994.4193029768696,684588.8448402417,0.9742198100407056,0.9758028041610132,0.9758028041610132,0.9762550881953868,0.0,1.0,False,False,False,False,0.974230330672748,97.76597988599553
75,99291944648,7549516.160019106,15505,11375,486.90849145560185,433.56084452491274,282.6202604165933,2421.662243707615,2021-02-28,2022-10-26,606,21,0.0,0.0,0,15505,606,21,738.3333333333334,359500.76952471933,738.3333333333334,359500.76952471933,1.363076923076923,663.693728353328,1.0,0.5804381426409436,1.0,0.0,100149.58525721946,359500.76952471933,0.2785796130273183,21,447822.10531451873,412610.78847729944,0.08533784821081213,0.2895824175824176,4318.413829779095,0.0005720119989475149,Rutrum Magna Cras LLC,"[[books, periodicals, and newspapers], [b], [take rate: 3.73]]",8,1458,990.586572162941,993.9985201339668,1593566.1212816841,0.9886928991406604,0.9579375848032564,0.95838986883763,0.9588421528720036,0.0,1.0,False,False,False,False,0.9995438996579248,97.73622300026766
76,11237511112,4464215.915803332,20721,13923,215.4440382126023,168.60206755033192,178.240669631682,1545.1269713735026,2021-02-28,2022-10-26,606,21,0.0,0.0,0,20721,606,21,986.7142857142857,212581.71027634913,986.7142857142857,212581.71027634913,1.4882568411980177,320.6360637652325,1.0,0.827317716054841,1.0,0.0,61191.52097440036,212581.71027634913,0.28784941514890167,21,257247.25795308014,262603.2502047653,-0.020395757659163807,0.36572577749048335,2702.4961742438763,0.0006053686078840934,Magna Institute,"[[opticians, optical goods, and eyeglasses], [c], [take rate: 2.11]]",8,1480,991.9473867595818,994.8679442508711,934302.9316395373,0.9776119402985075,0.9721845318860244,0.9721845318860244,0.9717322478516508,0.0,1.0,False,False,False,False,0.9783352337514253,97.72500228204886
77,13514558491,5630544.501329681,17900,12667,314.55555873350175,275.3124413243716,199.1358343319184,1721.5679702578548,2021-02-28,2022-10-26,606,21,0.0,0.0,0,17900,606,21,852.3809523809524,268121.1667299848,852.3809523809524,268121.1667299848,1.4131207073498067,444.5049736582996,1.0,0.6330704665773546,1.0,0.0,75256.19340262584,268121.1667299848,0.28067979235079804,21,307637.32514541846,346542.6025751184,-0.11226693959299461,0.3252545985631957,2767.521273459984,0.0004915192967227983,Magna Praesent PC,"[(motor vehicle supplies and new parts), (a), (take rate: 6.78)]",8,1471,991.8264,994.7448,1138570.4779438619,0.9812302125734962,0.966078697421981,0.9658525554047942,0.9658525554047942,0.0,1.0,False,False,False,False,0.9851767388825542,97.64502227124974
78,18158387243,9299428.432180045,16223,11844,573.2249542119241,511.62659568017324,330.6912540374526,3269.850741240431,2021-02-28,2022-10-26,606,21,6.164088023176972e-05,0.0,1,16223,606,21,772.5238095238095,442829.9253419069,772.5238095238095,442829.9253419069,1.3697230665315772,785.1594420955796,1.0,0.5768961236031508,1.0,6.164088023176972e-05,129288.81132614013,442829.9253419069,0.2919604207559298,21,537916.2966338713,524266.31680769473,0.026036347155187285,0.29736575481256333,4458.718962928591,0.0004794616137374094,Nec Tellus Ltd,"[[health and beauty spas], [c], [take rate: 2.03]]",8,1469,991.116687578419,994.0814820281939,1071636.7244816243,0.9961555857078245,0.9611035730438715,0.9608774310266848,0.9606512890094979,6.164088023176972e-05,0.9999383591197682,False,False,False,False,0.9801596351197264,97.49071051622839
79,62224020443,3399174.6410441394,19553,13402,173.84414877738143,155.48238209355415,99.07255077847864,844.2504184812575,2021-02-28,2022-10-26,606,21,0.0,0.0,0,19553,606,21,931.0952380952381,161865.45909733998,931.0952380952381,161865.45909733998,1.4589613490523803,253.63189382511112,1.0,0.5698929269419782,1.0,0.0,44747.77459994322,161865.45909733998,0.2764504227738516,21,196607.82389809345,191329.60623046718,0.027587040874731995,0.3494254588867333,1653.2201171276845,0.00048635927591524325,Hendrerit A Corporation,"((watch, clock, and jewelry repair shops), (a), (take rate: 6.64))",8,1478,991.8022661493934,994.4036578607057,702416.4312846516,0.9739936680235187,0.9699231117141565,0.9696969696969697,0.9696969696969697,0.0,1.0,False,False,False,False,0.9744583808437857,97.46073586663965
80,35556933338,1413810.6684823472,27180,16252,52.0165808860319,41.03297352597974,42.506978366986914,434.66372257102495,2021-02-28,2022-10-26,606,21,0.0,0.0,0,27180,606,21,1294.2857142857142,67324.31754677843,1294.2857142857142,67324.31754677843,1.6724095495938962,86.99302661102308,1.0,0.8171813226270969,1.0,0.0,19584.35431016518,67324.31754677843,0.2908956974804466,21,85783.805256739,80312.71186331722,0.06812238394754908,0.4593896135860202,648.9471821800171,0.0004590057188326556,Semper Cursus Integer Limited,"[[digital goods: books, movies, muSiC], [a], [take rate: 6.87]]",8,1485,991.7008966035069,994.8877699748244,236721.71350881035,0.9457259158751696,0.9812302125734962,0.9812302125734962,0.9812302125734962,0.0,1.0,False,False,False,False,0.9584948688711517,97.20977108858115
81,40515428545,7780713.037594007,13019,10024,597.6429094088645,503.2239259741537,422.3154236026689,3644.988772664725,2021-02-28,2022-10-26,606,21,0.0,0.0,0,13019,606,21,619.952380952381,370510.14464733365,619.952380952381,370510.14464733365,1.298782920989625,776.2084035907828,1.0,0.7066350440271867,1.0,0.0,103977.06519930609,370510.1446473336,0.2806321681104727,21,450707.15198762267,473264.22648218315,-0.047662749965762904,0.24830407023144455,5300.631979453352,0.0006812527275896608,Elit Sed Consequat Associates,"[[artist supply and craft shops], [a], [take rate: 5.89]]",8,1457,992.9822099954149,995.3598349381018,1445082.9904839536,0.9898236092265943,0.9486657620985979,0.9491180461329715,0.949570330167345,0.0,1.0,False,False,False,False,0.9958950969213227,97.19837244790868
82,32709545238,9695646.749259222,12912,10025,750.9020097009931,671.7944214346659,427.29892176638674,3641.2350000374236,2021-02-28,2022-10-26,606,21,0.0,0.0,0,12912,606,21,614.8571428571429,461697.46425043914,614.8571428571429,461697.46425043914,1.2879800498753118,967.1468079061568,1.0,0.5690475138514224,1.0,0.0,133685.45296775046,461697.46425043925,0.28955206237657666,21,513614.76660843333,551506.1194486249,-0.06870522647704058,0.2402992518703242,5168.1084509244965,0.0005330339052749994,Tempor Est Foundation,"[[stationery, office supplies and prInting and writing paper], [c], [take rate: 3.04]]",8,1444,990.8830535496577,993.911188220951,1320524.583359261,0.998869289914066,0.9490049751243781,0.9482134780642243,0.9479873360470376,0.0,1.0,False,False,False,False,0.9915621436716078,97.19520465465767
83,60978195146,1375899.1907270045,27543,16459,49.95458703579873,34.77561803959082,49.919232276345056,555.4381641292571,2021-02-28,2022-10-26,606,21,0.0,0.0,0,27543,606,21,1311.5714285714287,65519.00908223831,1311.5714285714287,65519.00908223831,1.67343094963242,83.59555202181205,1.0,0.9992922620013185,1.0,0.0,18816.639168802314,65519.0090822383,0.287193585989434,21,85788.78792267115,78277.81391438376,0.0959527819274885,0.4654596269518197,683.3906766413527,0.0004966865895751121,Lobortis Tellus Corp.,"[[shoe shops], [c], [take rate: 1.44]]",8,1486,991.7836003852552,994.6333508449347,252667.51220178787,0.9355495251017639,0.9816824966078698,0.9816824966078698,0.9819086386250565,0.0,1.0,False,False,False,False,0.9621436716077537,97.17435162737159
84,67978471888,8056017.7761082435,12417,9693,648.7893835957352,650.9728121323627,318.21309330658863,1199.9378366892643,2021-02-28,2022-10-26,606,21,0.0,0.0,0,12417,606,21,591.2857142857143,383619.8941003925,591.2857142857143,383619.8941003925,1.281027545651501,831.1170717123948,1.0,0.49047210289259174,1.0,0.0,108241.08321198137,383619.8941003926,0.28215711665791476,21,469049.23377836845,448428.57696293853,0.04598426120629275,0.237387805632931,4243.343747933673,0.0005267296902593947,Magna Malesuada Corp.,"[(artist supply aNd cRaft shops), (a), (take rate: 5.56)]",8,1434,990.2528502415458,993.5846376811594,1510521.5679142838,0.9907281772953415,0.9461781999095432,0.9461781999095432,0.9468566259611035,0.0,1.0,False,False,False,False,0.998175598631699,97.13439901147316
85,28057731482,9366405.497408757,12627,9912,741.775995676626,742.964754229042,346.23605613364845,1344.9736840865705,2021-02-28,2022-10-26,606,21,0.0,0.0,0,12627,606,21,601.2857142857143,446019.309400417,601.2857142857143,446019.309400417,1.2739104116222761,944.9561639839343,1.0,0.46676632588767203,1.0,0.0,123240.55440394854,446019.3094004171,0.2763121501838577,21,505855.7578942068,554227.0765328364,-0.08727707592569012,0.23022598870056496,4682.023485648181,0.000499874096519041,Dignissim Lacus PC,"[[music shops - muSical instruments, pianos, and sheet music], [c], [take rate: 1.47]]",8,1449,991.2164605137964,994.2665080875357,1348692.3120544045,0.9966078697421981,0.9473089099954771,0.9473089099954771,0.9445952057892356,0.0,1.0,False,False,False,False,0.9924743443557583,97.08571659170715
86,79633007926,2268774.2877244223,18436,12917,123.06217659603071,107.4873307837387,77.72878846562172,752.8128523077962,2021-02-28,2022-10-26,606,21,0.0,0.0,0,18436,606,21,877.9047619047619,108036.87084402012,877.9047619047619,108036.87084402012,1.4272663931253387,175.64250892037023,1.0,0.6316220841825156,1.0,0.0,31395.142496174336,108036.87084402009,0.2905965551473771,21,131597.54497875262,139479.74619245264,-0.05651143932269744,0.33072694898196175,932.9405723654179,0.00041120907329267916,Auctor Vitae Inc.,"[(bicycle shops - sales and service), (b), (take rate: 4.19)]",8,1469,992.29029113595,995.0365219651677,471804.53985245386,0.9667571234735414,0.9681139755766621,0.9674355495251018,0.9667571234735414,0.0,1.0,False,False,False,False,0.9671607753705815,97.05554584288055
87,22227727512,4021014.6236037994,15980,11686,251.62794891137668,212.2583563169383,176.88746578834863,1515.480658135559,2021-02-28,2022-10-26,606,21,0.0,0.0,0,15980,606,21,760.952380952381,191476.88683827617,760.952380952381,191476.88683827617,1.3674482286496663,344.08819301761076,1.0,0.7029722515071184,1.0,0.0,54061.16497671064,191476.88683827617,0.2823378104239359,21,233879.52742619117,225964.48008748668,0.035027838603837305,0.2958240629813452,2007.6876468859646,0.0004992987678036823,Malesuada Integer Id Foundation,"[[motor vehicle supplies and new parts], [b], [take rate: 5.03]]",8,1464,992.6354828943385,995.6621253405995,742415.6855455756,0.9762550881953868,0.9605382180009046,0.9604251469923112,0.9604251469923112,0.0,1.0,False,False,False,False,0.9749144811858609,97.04020712236475
88,74648589246,7728416.300260174,12262,9567,630.2737155651748,552.240314319593,396.45603639122936,3469.920684847463,2021-02-28,2022-10-26,606,21,0.0,0.0,0,12262,606,21,583.9047619047619,368019.82382191304,583.9047619047619,368019.82382191304,1.2816975018292045,807.8202467084952,1.0,0.6290220052024889,1.0,0.0,108844.05182765913,368019.8238219131,0.29575594786526876,21,424428.0529836973,456609.4087096507,-0.07047895884777296,0.23633322880735863,4512.976817921979,0.0005839458748838428,,,8,1446,991.4616439698246,994.8162045654942,1353546.3442238711,0.9893713251922207,0.9448213478064225,0.9454997738579828,0.94640434192673,0.0,1.0,False,False,False,False,0.9927023945267959,96.93311843395234
89,63123845164,8630515.15985249,11446,9090,754.0201956886676,655.7941875531087,477.63400965760343,4088.7126177394584,2021-02-28,2022-10-26,606,21,0.0,0.0,0,11446,606,21,545.047619047619,410976.91237392806,545.047619047619,410976.91237392806,1.2591859185918592,949.4516127450484,1.0,0.6334498895236712,1.0,0.0,119292.55208587371,410976.912373928,0.2902658239286571,21,528354.2132614267,471439.9290994378,0.12072436093970376,0.22233223322332232,5055.565474254701,0.0005857779495912628,Odio Phasellus Institute,"[[artist supply and craft shops], [a], [take rate: 6.59]]",8,1425,993.0740896211564,996.3013957393221,1463566.5090518033,0.9925373134328358,0.9396200814111262,0.939846223428313,0.9414292175486205,0.0,1.0,False,False,False,False,0.9965792474344356,96.81407413022997
90,58392414752,2459061.4734591087,16502,11961,149.01596615313954,103.6664685723584,149.97466613199788,1646.9815183650603,2021-02-28,2022-10-26,606,21,0.0,0.0,0,16502,606,21,785.8095238095239,117098.1654028147,785.8095238095239,117098.1654028147,1.379650530892066,205.5899568145731,1.0,1.006433538657684,1.0,0.0,33169.65374000857,117098.16540281472,0.2832636499974684,21,141422.27079116594,138616.57576171443,0.02024068921075194,0.2987208427389014,1734.8585262910772,0.0007054962004876962,Mattis Ornare Lectus Inc.,"[(florists supplies, nursery stock, and flOwers), (c), (take rate: 1.47)]",8,1469,991.5043818353009,994.5639168537698,490053.93998348067,0.9676616915422885,0.9622342831298055,0.9620081411126187,0.9613297150610584,0.0,1.0,False,False,False,False,0.9678449258836944,96.80580202542795
91,77338620996,6144987.178946636,12308,9620,499.26772659624925,433.30810664089336,313.39982468544514,2595.406486645593,2021-02-28,2022-10-26,606,21,0.0,0.0,0,12308,606,21,586.0952380952381,292618.43709269696,586.0952380952381,292618.43709269696,1.2794178794178794,638.7720560235588,1.0,0.6277189731890824,1.0,0.0,84664.56015686583,292618.43709269696,0.289334332443466,21,332425.42822240293,382435.1582556239,-0.13076655990868366,0.23575883575883577,3655.785347177536,0.0005949215581283288,Fames Ac Turpis LLC,"[(computers, computer peripheral equipment, and software), (b), (take rate: 3.59)]",8,1446,991.9561936495492,994.9465895727166,1227433.2534939467,0.9830393487109905,0.9459520578923564,0.9459520578923564,0.9461781999095432,0.0,1.0,False,False,False,False,0.9879133409350057,96.7444187789156
92,25732256442,3363298.4956636415,13848,10557,242.87250835237157,191.7582094413566,197.26736934173135,1854.1548192067517,2021-02-28,2022-10-26,606,21,0.0,0.0,0,13848,606,21,659.4285714285714,160157.07122207817,659.4285714285714,160157.07122207817,1.3117362887183859,318.5846827378651,1.0,0.8122260138867837,1.0,0.0,45312.73030837396,160157.0712220782,0.2829268165471263,21,186554.25924183975,192080.94730015454,-0.028772703050441172,0.26247987117552335,2300.878146471443,0.0006841135716731669,Malesuada Vel Associates,"((books, periodicals, and newspapers), (a), (take rate: 5.79))",8,1450,991.9550317474124,995.304949117161,667624.7825537536,0.973767526006332,0.9527363184079602,0.9527363184079602,0.9534147444595206,0.0,1.0,False,False,False,False,0.9740022805017103,96.60356221380914
93,96152467973,1403354.0762106106,68147,22661,20.59304263152612,16.252603768523702,16.791381620004646,204.9979327425259,2021-02-28,2022-10-26,606,21,0.0,0.0,0,68147,606,21,3245.095238095238,66826.38458145765,3245.095238095238,66826.38458145765,3.0072371033934955,61.928161873289376,1.0,0.8153909997883718,1.0,0.0,18996.547371709068,66826.38458145766,0.28426717217588404,21,81883.75492386767,80030.48426028686,0.023157059222000148,0.8247650147831075,370.7683452017492,0.0002642015664378243,Rhoncus Donec Associates,"[[tent and awning shops], [b], [take rate: 4.45]]",8,1490,991.6991147308781,994.5688208215297,204172.3880914979,0.9427860696517413,0.9950248756218906,0.9952510176390773,0.9952510176390773,0.0,1.0,False,False,False,False,0.9042189281641961,96.50529229049116
94,57900494384,1389638.2352600573,67098,22627,20.710576101523998,16.30136701056027,17.01750808457688,196.34009865476887,2021-02-28,2022-10-26,606,21,0.0,0.0,0,67098,606,21,3195.1428571428573,66173.24929809796,3195.1428571428573,66173.24929809796,2.965395324170239,61.41504553233116,1.0,0.8216820237716438,1.0,0.0,18481.897603246558,66173.24929809796,0.27929560357523187,21,80544.69518242254,79240.49207365622,0.016458796186601506,0.8160162637556901,364.47880095860984,0.0002622832271813543,Porttitor Tellus Corporation,"[[tent and awning shops], [a], [take rate: 6.39]]",8,1490,991.7111729336804,994.7562954321098,204654.97842425123,0.9393939393939394,0.9947987336047037,0.9947987336047037,0.9947987336047037,0.0,1.0,False,False,False,False,0.9062713797035348,96.48763026373265
95,88699453206,5732102.5495470045,11957,9433,479.39303751333983,418.9681857914404,305.44789378039286,2669.709841092015,2021-02-28,2022-10-26,606,21,0.0,0.0,0,11957,606,21,569.3809523809524,272957.2642641431,569.3809523809524,272957.2642641431,1.2675712922718116,607.6648520668933,1.0,0.6371554650955759,1.0,0.0,76465.10319668984,272957.264264143,0.2801358058845942,21,327755.73776697856,303264.28819966764,0.08075942509652134,0.22813526979751936,3836.0885959907264,0.000669228884660112,Sed Nec Inc.,"((health and beauty spas), (b), (take rate: 3.53))",8,1431,991.3370099268024,994.0397072094655,1113760.9867741382,0.9816824966078698,0.9434644957033017,0.9434644957033017,0.9434644957033017,0.0,1.0,False,False,False,False,0.9833523375142531,96.48227067213946
96,14430838529,1288209.5019048054,22107,14463,58.27156565363032,46.306092695203546,47.14458600816061,455.3994454882147,2021-02-28,2022-10-26,606,21,0.0,0.0,0,22107,606,21,1052.7142857142858,61343.30961451455,1052.7142857142858,61343.30961451455,1.5285210537232938,89.06931493499312,1.0,0.809049584979248,1.0,0.0,17379.79349791934,61343.30961451453,0.28332011440424604,21,77505.88618325941,72464.21038945114,0.0695747013141015,0.39611422249879,572.4369789620727,0.0004443663690693487,Magna A Neque LLC,"((cable, satellite, and other pay television and radio services), (c), (take rate: 2.03))",8,1479,991.2071915009534,994.1218741487334,241467.17376969237,0.9151967435549525,0.9748982360922659,0.9748982360922659,0.9748982360922659,0.0,1.0,False,False,False,False,0.9600912200684151,96.47514345964797
97,41251795489,1201715.4768170884,40397,19544,29.747641577767865,20.60636193691958,29.672464849588287,279.2373618613787,2021-02-28,2022-10-26,606,21,0.0,0.0,0,40397,606,21,1923.6666666666667,57224.54651509945,1923.6666666666667,57224.54651509945,2.0669770773638967,61.48769324688336,1.0,0.997472850814642,1.0,0.0,16229.249894316767,57224.546515099435,0.28360643959029835,21,69317.51472779395,68219.40513330794,0.016096733654305414,0.6167621776504298,415.4353040856621,0.0003457018837653657,Ultricies Sem Limited,"([opticians, optical goods, and eyeglasses], [c], [take rate: 2.91])",8,1488,991.4200823923417,994.6373551465576,221405.51372706395,0.8921302578018996,0.9900497512437811,0.9900497512437811,0.9900497512437811,0.0,1.0,False,False,False,False,0.9427594070695553,96.45342660595642
98,90568944804,9618324.530454509,10732,8698,896.2285250143971,761.8001860185514,629.1835575512455,4902.15021761384,2021-02-28,2022-10-26,606,21,0.0,0.0,0,10732,606,21,511.04761904761904,458015.4538311671,511.04761904761904,458015.4538311671,1.2338468613474363,1105.808752639056,1.0,0.7020347377820163,1.0,0.0,134448.59380984737,458015.4538311672,0.2935459768556359,21,588612.8217453876,579859.8339017495,0.015095006296161673,0.2007358013336399,7074.669714303383,0.0007355407578422677,Diam Eu Dolor LLC,"[(tent and awNing shops), (b), (take rate: 4.10)]",8,1433,992.0423984785771,994.524555319387,1194188.2529406615,0.9981908638625057,0.9355495251017639,0.9355495251017639,0.9337403889642696,0.0,1.0,False,False,False,False,0.9872291904218928,96.40393193151068
99,63465140133,1279910.4718745074,36384,18733,35.177838387052205,24.25522611637626,35.28522597943899,416.0943894160249,2021-02-28,2022-10-26,606,21,0.0,0.0,0,36384,606,21,1732.5714285714287,60948.117708309874,1732.5714285714287,60948.117708309874,1.9422409651417285,68.32383878046802,1.0,1.0030527058315872,1.0,0.0,17262.47002876219,60948.11770830987,0.28323220925998455,21,73752.66982803524,71639.45647365585,0.02949789764466578,0.5709176319863343,597.4179664724631,0.0004667654336771758,Vitae Odio Limited,"[(digital goods: Books, movies, music), (b), (take rate: 3.68)]",8,1487,991.8030799801292,994.46550753436,213960.87504062674,0.9131614654002713,0.9884667571234735,0.9884667571234735,0.9882406151062868,0.0,1.0,False,False,False,False,0.9290763968072976,96.34427762710239
100,54550134954,1229244.82447263,36029,18651,34.118205458731296,29.588286301028226,21.603789456321742,192.67387540642235,2021-02-28,2022-10-26,606,21,0.0,0.0,0,36029,606,21,1715.6666666666667,58535.46783202999,1715.6666666666667,58535.46783202999,1.9317462870623558,65.90771671613479,1.0,0.6332041549621729,1.0,0.0,16876.524487515926,58535.467832029986,0.2883127975664913,21,74783.08426331427,72445.81200313913,0.032262351619081434,0.5714975068360946,343.6125718358281,0.00027953143669589545,Tempor Diam Dictum Company,"[(tent and awning  shops), (b), (take rate: 3.94)]",8,1488,991.5713809983682,994.5285557294616,217158.34131648912,0.8993668023518769,0.9875621890547264,0.9880144730891,0.9884667571234735,0.0,1.0,False,False,False,False,0.9368301026225769,96.3097168351257
