POA_CODE_2021,SA2_CODE_2021,mb_count,poa_total,ratio
2000,117031644,190,287,0.662020905923345
2007,117031646,59,59,1.0
2008,117031639,62,95,0.6526315789473685
2009,117031641,80,80,1.0
2010,117031336,201,379,0.5303430079155673
2011,117031333,306,307,0.996742671009772
2015,117031330,121,144,0.8402777777777778
2016,117031642,142,142,1.0
2017,117031647,92,150,0.6133333333333333
2018,117011634,100,172,0.5813953488372093
2019,117011321,124,137,0.9051094890510949
2020,117011635,134,137,0.9781021897810219
2021,118011345,234,243,0.9629629629629629
2022,118011341,168,168,1.0
2023,118011649,139,139,1.0
2024,118011339,99,160,0.61875
2025,118011347,113,113,1.0
2026,118011340,291,467,0.6231263383297645
2027,118011650,105,136,0.7720588235294118
2028,118011650,78,99,0.7878787878787878
2029,118011346,67,141,0.475177304964539
2030,118011346,106,201,0.527363184079602
2031,118021569,203,443,0.4582392776523702
2032,118021565,151,173,0.8728323699421965
2033,118021564,134,135,0.9925925925925926
2034,118021651,240,303,0.7920792079207921
2035,118021567,132,373,0.353887399463807
2036,118021653,119,311,0.38263665594855306
2037,117031331,247,247,1.0
2038,120021674,132,133,0.9924812030075187
2039,120021389,131,131,1.0
2040,120021675,225,287,0.7839721254355401
2041,120021387,227,228,0.9956140350877193
2042,117031640,210,267,0.7865168539325843
2043,117031330,74,74,1.0
2044,117021328,111,111,1.0
2045,120031395,89,89,1.0
2046,120011386,272,359,0.7576601671309192
2047,120011385,174,174,1.0
2048,117021327,97,97,1.0
2049,117021327,106,155,0.6838709677419355
2050,117031638,73,102,0.7156862745098039
2060,121041417,166,249,0.6666666666666666
2061,121041416,71,98,0.7244897959183674
2062,121041413,85,116,0.7327586206896551
2063,121011683,94,94,1.0
2064,121011682,115,144,0.7986111111111112
2065,121041414,222,448,0.4955357142857143
2066,121011686,200,445,0.449438202247191
2067,121011684,172,311,0.5530546623794212
2068,121011687,142,217,0.6543778801843319
2069,121031408,112,191,0.5863874345549738
2070,121031408,178,181,0.9834254143646409
2071,121031407,151,152,0.993421052631579
2072,121031407,97,97,1.0
2073,121031409,182,182,1.0
2074,121031411,251,277,0.9061371841155235
2075,121031410,240,240,1.0
2076,121031412,179,284,0.6302816901408451
2077,121021577,162,503,0.3220675944333996
2079,121021403,83,83,1.0
2080,121021403,25,26,0.9615384615384616
2081,121021404,69,69,1.0
2082,121021404,53,61,0.8688524590163934
2083,121021404,29,52,0.5576923076923077
2084,122031432,52,54,0.9629629629629629
2085,122031692,103,143,0.7202797202797203
2086,122031696,155,158,0.9810126582278481
2087,122031427,144,144,1.0
2088,121041689,229,441,0.5192743764172335
2089,121041416,183,183,1.0
2090,121041413,215,216,0.9953703703703703
2092,122011418,92,92,1.0
2093,122011418,172,303,0.5676567656765676
2094,122011419,84,84,1.0
2095,122011419,280,280,1.0
2096,122031429,197,197,1.0
2097,122031693,163,191,0.8534031413612565
2099,122031695,215,528,0.4071969696969697
2100,122031429,123,285,0.43157894736842106
2101,122031697,112,247,0.4534412955465587
2102,122021691,49,83,0.5903614457831325
2103,122021690,150,152,0.9868421052631579
2104,122021421,45,47,0.9574468085106383
2105,122021421,27,27,1.0
2106,122021422,121,121,1.0
2107,122021420,157,205,0.7658536585365854
2108,122021420,49,54,0.9074074074074074
2110,126021499,124,125,0.992
2111,126021498,201,201,1.0
2112,126021724,216,376,0.574468085106383
2113,126021501,160,285,0.5614035087719298
2114,126021503,239,302,0.7913907284768212
2115,125021477,125,125,1.0
2116,125021477,89,89,1.0
2117,125021478,207,250,0.828
2118,125021712,166,257,0.6459143968871596
2119,126011496,108,135,0.8
2120,121021406,154,249,0.6184738955823293
2121,126011721,171,334,0.5119760479041916
2122,126021723,213,365,0.5835616438356165
2125,115011296,135,177,0.7627118644067796
2126,115011558,184,185,0.9945945945945946
2127,125011710,57,114,0.5
2128,125011709,71,71,1.0
2130,120031395,106,112,0.9464285714285714
2131,120031676,162,295,0.5491525423728814
2132,120031679,108,128,0.84375
2133,120031393,136,136,1.0
2134,120031678,157,187,0.839572192513369
2135,120031680,165,276,0.5978260869565217
2136,120031393,53,102,0.5196078431372549
2137,120011383,231,285,0.8105263157894737
2138,120011672,88,134,0.6567164179104478
2140,120031396,192,193,0.9948186528497409
2141,125011586,208,295,0.7050847457627119
2142,125031481,164,357,0.45938375350140054
2143,125011587,66,111,0.5945945945945946
2144,125011582,150,352,0.42613636363636365
2145,125041589,217,948,0.2289029535864979
2146,125041493,140,245,0.5714285714285714
2147,116011307,293,432,0.6782407407407407
2148,116011303,235,714,0.3291316526610644
2150,125041489,116,395,0.2936708860759494
2151,125041489,192,305,0.6295081967213115
2152,125041491,136,159,0.8553459119496856
2153,115011290,247,612,0.4035947712418301
2154,115011555,130,410,0.3170731707317073
2155,115041625,182,647,0.28129829984544047
2156,115011294,72,137,0.5255474452554745
2157,115021297,38,39,0.9743589743589743
2158,115021297,104,104,1.0
2159,115021298,67,67,1.0
2160,125031714,231,406,0.5689655172413793
2161,125031483,150,352,0.42613636363636365
2162,125031479,184,198,0.9292929292929293
2163,125031480,74,140,0.5285714285714286
2164,127021519,203,301,0.6744186046511628
2165,127021516,202,462,0.43722943722943725
2166,127021511,271,605,0.4479338842975207
2167,123021704,108,108,1.0
2168,127011504,172,407,0.4226044226044226
2170,127031523,223,1161,0.1920757967269595
2171,127011597,137,337,0.4065281899109792
2172,127031524,25,25,1.0
2173,127031524,149,153,0.9738562091503268
2174,127031730,80,80,1.0
2175,127021518,26,26,1.0
2176,127021510,197,523,0.37667304015296366
2177,127021509,179,180,0.9944444444444445
2178,127021518,28,46,0.6086956521739131
2179,127011728,75,138,0.5434782608695652
2190,119011655,142,266,0.5338345864661654
2191,119021362,64,64,1.0
2192,119021362,155,155,1.0
2193,120031392,134,199,0.6733668341708543
2194,119021659,119,255,0.4666666666666667
2195,119021573,181,285,0.6350877192982456
2196,119021366,187,325,0.5753846153846154
2197,119011354,102,103,0.9902912621359223
2198,119011354,96,96,1.0
2199,119011361,175,184,0.9510869565217391
2200,119011571,196,536,0.3656716417910448
2203,120031394,170,171,0.9941520467836257
2204,117021637,192,351,0.5470085470085471
2205,119041668,126,173,0.7283236994219653
2206,119021662,211,229,0.9213973799126638
2207,119041669,116,364,0.31868131868131866
2208,119021663,81,161,0.5031055900621118
2209,119031370,167,196,0.8520408163265306
2210,119031372,248,386,0.6424870466321243
2211,119011358,198,214,0.9252336448598131
2212,119011360,174,188,0.925531914893617
2213,119011658,168,240,0.7
2214,119011657,44,54,0.8148148148148148
2216,119041381,215,364,0.5906593406593407
2217,119041378,150,367,0.4087193460490463
2218,119041379,162,212,0.7641509433962265
2219,119041382,201,201,1.0
2220,119031664,107,337,0.31750741839762614
2221,119031374,219,219,1.0
2222,119031667,116,153,0.7581699346405228
2223,119031666,170,274,0.6204379562043796
2224,128011531,146,146,1.0
2225,128021536,56,56,1.0
2226,128021536,154,155,0.9935483870967742
2227,128011529,157,160,0.98125
2228,128011530,217,220,0.9863636363636363
2229,128011602,153,338,0.4526627218934911
2230,128011604,383,492,0.7784552845528455
2231,128011604,55,55,1.0
2232,128021538,264,423,0.624113475177305
2233,128021607,212,391,0.5421994884910486
2234,128021535,256,386,0.6632124352331606
2250,102011032,410,1128,0.36347517730496454
2251,102011028,145,535,0.27102803738317754
2256,102011042,264,330,0.8
2257,102011040,388,531,0.7306967984934086
2258,102021051,75,79,0.9493670886075949
2259,102021056,183,959,0.1908237747653806
2260,102011039,230,378,0.6084656084656085
2261,102021053,355,868,0.40898617511520735
2262,102021046,160,296,0.5405405405405406
2263,102021048,202,367,0.5504087193460491
2264,111021216,138,262,0.5267175572519084
2265,111021218,87,87,1.0
2267,111021220,62,62,1.0
2278,111021221,45,45,1.0
2280,111011206,272,423,0.6430260047281324
2281,111011212,229,282,0.8120567375886525
2282,111011214,124,232,0.5344827586206896
2283,111021219,242,395,0.6126582278481013
2284,111021215,82,184,0.44565217391304346
2285,111011209,254,443,0.5733634311512416
2286,111021221,48,48,1.0
2287,111031233,290,525,0.5523809523809524
2289,111031222,202,249,0.8112449799196787
2290,111011208,358,506,0.7075098814229249
2291,111031228,181,181,1.0
2292,111031224,58,58,1.0
2293,111031235,57,57,1.0
2294,111031235,43,50,0.86
2295,111031232,110,110,1.0
2296,111031235,35,35,1.0
2297,111031235,30,30,1.0
2298,111031234,122,122,1.0
2299,111031225,71,147,0.48299319727891155
2300,111031229,206,209,0.9856459330143541
2302,111031229,21,34,0.6176470588235294
2303,111031224,134,135,0.9925925925925926
2304,111031227,235,255,0.9215686274509803
2305,111031225,136,160,0.85
2306,111011210,44,44,1.0
2307,111031231,62,62,1.0
2308,111031231,1,1,1.0
2311,106011110,27,27,1.0
2312,108011153,17,21,0.8095238095238095
2315,106031121,345,345,1.0
2316,106031119,108,114,0.9473684210526315
2317,106031121,121,121,1.0
2318,106031125,142,156,0.9102564102564102
2319,106031120,137,138,0.9927536231884058
2320,106021615,167,502,0.33266932270916333
2321,106011111,51,219,0.2328767123287671
2322,106021618,157,304,0.5164473684210527
2323,106021614,287,405,0.7086419753086419
2324,106031122,201,469,0.42857142857142855
2325,106011108,300,460,0.6521739130434783
2326,106011111,110,115,0.9565217391304348
2327,106011111,118,118,1.0
2328,106041127,45,45,1.0
2329,106041129,62,66,0.9393939393939394
2330,106011112,247,402,0.6144278606965174
2331,106011113,5,6,0.8333333333333334
2333,106041126,216,251,0.8605577689243028
2334,106011107,33,33,1.0
2335,106011107,84,88,0.9545454545454546
2336,106041129,67,70,0.9571428571428572
2337,106041128,96,181,0.5303867403314917
2338,106041129,31,35,0.8857142857142857
2339,110041201,16,16,1.0
2340,110041202,273,715,0.38181818181818183
2341,110041201,26,26,1.0
2342,110041201,9,10,0.9
2343,110041201,89,92,0.967391304347826
2344,110041205,8,8,1.0
2345,110041205,13,13,1.0
2346,110041205,103,103,1.0
2347,110041205,62,73,0.8493150684931506
2350,110011186,426,518,0.8223938223938224
2352,110041205,34,34,1.0
2353,110041205,16,16,1.0
2354,110011189,120,126,0.9523809523809523
2355,110041205,20,20,1.0
2356,110031198,7,7,1.0
2357,105031099,80,80,1.0
2358,110011188,64,64,1.0
2359,110021192,11,18,0.6111111111111112
2360,110021191,171,236,0.7245762711864406
2361,110021192,29,29,1.0
2365,110011187,78,108,0.7222222222222222
2369,110021192,20,20,1.0
2370,110021190,161,171,0.9415204678362573
2371,110021190,30,43,0.6976744186046512
2372,110021194,143,143,1.0
2379,110041200,6,9,0.6666666666666666
2380,110041199,195,221,0.8823529411764706
2381,110041200,29,38,0.7631578947368421
2382,110041200,32,36,0.8888888888888888
2386,105011096,8,10,0.8
2387,105011096,2,4,0.5
2388,110031198,52,59,0.8813559322033898
2390,110031197,112,159,0.7044025157232704
2395,105031099,19,19,1.0
2396,105031099,31,31,1.0
2397,110031198,7,9,0.7777777777777778
2398,110031196,1,1,1.0
2399,110031196,9,9,1.0
2400,110031195,171,204,0.8382352941176471
2401,110021193,6,7,0.8571428571428571
2402,110021193,36,36,1.0
2403,110021193,19,19,1.0
2404,110021193,73,73,1.0
2405,110031196,16,16,1.0
2406,110031196,23,26,0.8846153846153846
2408,110031196,4,6,0.6666666666666666
2409,110031196,16,16,1.0
2410,110021192,8,8,1.0
2411,110031196,5,5,1.0
2415,108011151,9,9,1.0
2420,106011110,106,106,1.0
2421,106011110,36,37,0.972972972972973
2422,108051167,185,192,0.9635416666666666
2423,108011151,102,149,0.6845637583892618
2424,108051170,25,26,0.9615384615384616
2425,108011151,37,37,1.0
2426,108051170,10,10,1.0
2427,108051170,69,69,1.0
2428,108011152,322,634,0.5078864353312302
2429,108051171,89,174,0.5114942528735632
2430,108051169,370,654,0.5657492354740061
2431,108021160,119,119,1.0
2439,108041162,96,96,1.0
2440,108021155,235,472,0.4978813559322034
2441,108021156,60,113,0.5309734513274337
2443,108041162,213,246,0.8658536585365854
2444,108041164,367,895,0.4100558659217877
2445,108041162,119,120,0.9916666666666667
2446,108041166,172,267,0.6441947565543071
2447,108021157,245,291,0.8419243986254296
2448,108021158,169,220,0.7681818181818182
2449,108021159,73,75,0.9733333333333334
2450,104021084,314,869,0.3613348676639816
2452,104021089,255,255,1.0
2453,104021087,116,132,0.8787878787878788
2454,104021083,196,269,0.7286245353159851
2455,104021090,78,78,1.0
2456,104021091,284,316,0.8987341772151899
2460,104011080,321,625,0.5136
2462,104011081,104,104,1.0
2463,104011082,136,165,0.8242424242424242
2464,104011082,169,169,1.0
2465,104011082,9,9,1.0
2466,104011082,55,55,1.0
2469,112021245,143,236,0.6059322033898306
2470,112021244,179,248,0.7217741935483871
2471,112021245,44,58,0.7586206896551724
2472,112011241,56,61,0.9180327868852459
2473,112011241,75,75,1.0
2474,112021247,143,143,1.0
2475,110021194,15,18,0.8333333333333334
2476,110021194,21,41,0.5121951219512195
2477,112011237,169,170,0.9941176470588236
2478,112011236,354,541,0.6543438077634011
2479,112011238,53,66,0.803030303030303
2480,112021248,267,624,0.42788461538461536
2481,112011240,220,252,0.873015873015873
2482,112011243,107,107,1.0
2483,112011239,186,234,0.7948717948717948
2484,112031251,193,362,0.5331491712707183
2485,112031254,254,254,1.0
2486,112031550,211,442,0.47737556561085975
2487,112031250,239,246,0.9715447154471545
2488,112031253,63,63,1.0
2489,112031253,143,143,1.0
2490,112031252,9,13,0.6923076923076923
2500,107041548,270,655,0.4122137404580153
2502,107011546,90,204,0.4411764705882353
2505,107011546,85,97,0.8762886597938144
2506,107011545,125,125,1.0
2508,107041147,139,151,0.9205298013245033
2515,107041148,187,187,1.0
2516,107041150,95,96,0.9895833333333334
2517,107041150,184,184,1.0
2518,107041145,227,290,0.7827586206896552
2519,107041144,239,239,1.0
2525,107041146,154,154,1.0
2526,107011134,259,282,0.9184397163120568
2527,107031136,231,352,0.65625
2528,107031143,286,336,0.8511904761904762
2529,107031141,221,385,0.574025974025974
2530,107011131,351,462,0.7597402597402597
2533,107031138,136,263,0.5171102661596958
2534,107031140,102,102,1.0
2535,114011272,115,118,0.9745762711864406
2536,101041018,256,581,0.4406196213425129
2537,101041026,206,324,0.6358024691358025
2538,114011283,32,60,0.5333333333333333
2539,114011282,348,525,0.6628571428571428
2540,114011279,263,978,0.2689161554192229
2541,114011278,253,474,0.5337552742616034
2545,101041024,57,73,0.7808219178082192
2546,101041027,373,396,0.9419191919191919
2548,101041025,191,196,0.9744897959183674
2549,101041025,67,95,0.7052631578947368
2550,101041020,205,424,0.4834905660377358
2551,101041023,82,138,0.5942028985507246
2555,127011505,4,8,0.5
2556,127011505,19,24,0.7916666666666666
2557,127011727,120,164,0.7317073170731707
2558,123021438,127,127,1.0
2559,123021438,43,43,1.0
2560,123021437,270,946,0.2854122621564482
2563,123021444,6,6,1.0
2564,123021706,171,171,1.0
2565,123021705,218,345,0.6318840579710145
2566,123021443,222,296,0.75
2567,123011701,184,429,0.4289044289044289
2568,123031446,10,10,1.0
2569,123031446,17,17,1.0
2570,123011433,151,617,0.24473257698541329
2571,123031447,97,154,0.6298701298701299
2572,123031447,54,54,1.0
2573,123031447,64,64,1.0
2574,123031445,57,65,0.8769230769230769
2575,114021286,171,288,0.59375
2576,114021284,224,239,0.9372384937238494
2577,114021287,172,347,0.4956772334293948
2578,114021289,49,49,1.0
2579,101051540,57,90,0.6333333333333333
2580,101051539,431,639,0.6744913928012519
2581,101061542,41,73,0.5616438356164384
2582,101061541,109,210,0.5190476190476191
2583,101051540,103,108,0.9537037037037037
2584,101061542,12,12,1.0
2585,101061544,6,7,0.8571428571428571
2586,101061544,56,61,0.9180327868852459
2587,101061544,72,73,0.9863013698630136
2588,113031263,10,10,1.0
2590,113031263,119,126,0.9444444444444444
2594,101061543,208,243,0.8559670781893004
2611,113021262,9,14,0.6428571428571429
2618,101061542,8,8,1.0
2619,101021012,106,107,0.9906542056074766
2620,101021009,173,613,0.2822185970636215
2621,101021611,79,80,0.9875
2622,101021007,165,200,0.825
2623,101021611,20,20,1.0
2624,101031016,4,4,1.0
2625,101031016,2,2,1.0
2626,101031015,9,9,1.0
2627,101031016,116,118,0.9830508474576272
2628,101031016,41,44,0.9318181818181818
2629,101031015,33,38,0.868421052631579
2630,101031014,128,194,0.6597938144329897
2631,101031015,22,33,0.6666666666666666
2632,101031013,74,79,0.9367088607594937
2633,101031013,11,11,1.0
2640,109011172,239,685,0.34890510948905107
2641,109011176,214,223,0.9596412556053812
2642,109011175,64,114,0.5614035087719298
2643,109031181,43,43,1.0
2644,109011175,103,104,0.9903846153846154
2645,109031181,31,35,0.8857142857142857
2646,109031180,116,211,0.5497630331753555
2647,109031181,51,52,0.9807692307692307
2648,109021179,40,89,0.449438202247191
2649,113021260,4,6,0.6666666666666666
2650,113031269,300,984,0.3048780487804878
2651,113031271,29,29,1.0
2652,113031271,69,151,0.45695364238410596
2653,113021260,85,85,1.0
2655,113031271,27,27,1.0
2656,113031271,36,36,1.0
2658,109011175,25,30,0.8333333333333334
2659,109011175,20,20,1.0
2660,109011175,34,34,1.0
2661,113031270,1,1,1.0
2663,113031265,72,72,1.0
2665,113031266,38,74,0.5135135135135135
2666,113031266,179,187,0.9572192513368984
2668,103021069,16,17,0.9411764705882353
2669,103021069,35,64,0.546875
2671,103021069,86,93,0.9247311827956989
2672,103021062,32,33,0.9696969696969697
2675,113011257,56,56,1.0
2678,113031268,2,2,1.0
2680,113011256,288,397,0.72544080604534
2681,113011257,36,36,1.0
2700,113011259,128,128,1.0
2701,113031271,41,41,1.0
2702,113031271,21,21,1.0
2703,113011258,12,12,1.0
2705,113011258,168,205,0.8195121951219512
2706,113011257,28,28,1.0
2707,113011257,38,39,0.9743589743589743
2710,109031182,132,229,0.5764192139737991
2711,109021177,76,113,0.672566371681416
2712,109031185,50,50,1.0
2713,109031185,58,62,0.9354838709677419
2714,109031185,62,66,0.9393939393939394
2715,109021179,52,52,1.0
2716,109031185,41,46,0.8913043478260869
2717,109021178,27,27,1.0
2720,113021261,123,200,0.615
2721,103021066,6,12,0.5
2722,113031264,71,86,0.8255813953488372
2725,113031263,11,11,1.0
2726,101061542,6,6,1.0
2727,113031264,14,14,1.0
2729,113021262,48,54,0.8888888888888888
2730,113021262,32,33,0.9696969696969697
2731,109031184,99,119,0.8319327731092437
2732,109031183,73,73,1.0
2733,109031183,17,17,1.0
2734,109031183,27,32,0.84375
2735,109031183,9,9,1.0
2736,109021179,8,8,1.0
2737,109021179,23,23,1.0
2738,109021178,27,34,0.7941176470588235
2739,109021178,23,23,1.0
2745,124031460,201,334,0.6017964071856288
2747,124031462,318,621,0.5120772946859904
2748,124031463,27,27,1.0
2749,124031707,214,214,1.0
2750,124031464,257,642,0.40031152647975077
2752,124031465,62,63,0.9841269841269841
2753,124041466,124,226,0.5486725663716814
2754,124041466,80,86,0.9302325581395349
2756,124041467,222,456,0.4868421052631579
2757,115031300,10,10,1.0
2758,115031300,78,106,0.7358490566037735
2759,124051470,201,275,0.730909090909091
2760,124051581,262,451,0.5809312638580931
2761,116031315,187,300,0.6233333333333333
2762,116021632,102,151,0.6754966887417219
2763,116021563,211,313,0.6741214057507987
2765,116021630,155,438,0.3538812785388128
2766,116031319,160,163,0.9815950920245399
2767,116011306,238,239,0.99581589958159
2768,116021309,139,247,0.562753036437247
2769,116021628,85,129,0.6589147286821705
2770,116031317,222,622,0.35691318327974275
2773,124011450,84,84,1.0
2774,124011450,165,165,1.0
2775,115031299,42,77,0.5454545454545454
2776,124011454,49,49,1.0
2777,124011454,224,224,1.0
2778,124011453,35,35,1.0
2779,124011453,63,63,1.0
2780,124011452,292,293,0.9965870307167235
2782,124011455,114,114,1.0
2783,124011453,51,51,1.0
2784,124011453,21,21,1.0
2785,124011449,105,106,0.9905660377358491
2786,124011449,32,43,0.7441860465116279
2787,103011061,149,191,0.7801047120418848
2790,103031070,231,325,0.7107692307692308
2791,103041076,11,11,1.0
2792,103041076,9,10,0.9
2793,103021064,30,30,1.0
2794,103021063,171,203,0.8423645320197044
2795,103011612,184,701,0.2624821683309558
2797,103041076,6,6,1.0
2798,103041076,24,32,0.75
2799,103041076,70,77,0.9090909090909091
2800,103041077,349,710,0.4915492957746479
2803,101061544,11,11,1.0
2804,103021064,53,53,1.0
2805,103021064,12,12,1.0
2806,103021065,19,19,1.0
2807,101061544,12,16,0.75
2808,101061544,6,12,0.5
2809,103021066,5,5,1.0
2810,103021066,79,79,1.0
2817,105031104,10,10,1.0
2818,105031106,14,18,0.7777777777777778
2820,105031106,137,139,0.9856115107913669
2821,105031105,70,70,1.0
2822,105031103,7,8,0.875
2823,105031105,28,28,1.0
2824,105011095,44,50,0.88
2825,105011095,83,83,1.0
2826,105011095,7,7,1.0
2827,105031104,67,67,1.0
2828,105011094,18,24,0.75
2829,105011094,72,72,1.0
2830,105031101,277,694,0.39913544668587897
2831,105011095,16,65,0.24615384615384617
2832,105011096,57,57,1.0
2833,105011096,19,20,0.95
2834,105011096,50,50,1.0
2835,105011093,114,114,1.0
2836,105021098,51,51,1.0
2838,105011096,8,8,1.0
2839,105011092,30,30,1.0
2840,105011092,89,107,0.8317757009345794
2842,105031099,14,17,0.8235294117647058
2843,105031099,26,26,1.0
2844,103031074,39,39,1.0
2845,103031071,39,39,1.0
2846,103031071,16,18,0.8888888888888888
2847,103031071,40,40,1.0
2848,103031073,46,46,1.0
2849,103031073,75,85,0.8823529411764706
2850,103031074,271,484,0.5599173553719008
2852,103031074,91,93,0.978494623655914
2864,103041079,19,21,0.9047619047619048
2865,103041079,26,26,1.0
2866,103041079,42,45,0.9333333333333333
2867,103041079,15,17,0.8823529411764706
2868,105031106,12,16,0.75
2869,103021068,26,33,0.7878787878787878
2870,103021067,196,222,0.8828828828828829
2871,103021065,210,213,0.9859154929577465
2873,103021062,19,23,0.8260869565217391
2874,103021062,12,12,1.0
2875,103021068,22,31,0.7096774193548387
2876,103021068,17,22,0.7727272727272727
2877,103021062,70,97,0.7216494845360825
2878,105021098,37,43,0.8604651162790697
2879,105021098,82,82,1.0
2880,105021097,316,383,0.825065274151436
2898,108031161,16,16,1.0
3000,206041503,119,312,0.3814102564102564
3002,206041119,88,88,1.0
3003,206041510,62,83,0.7469879518072289
3004,206051128,54,100,0.54
3006,206041509,67,118,0.5677966101694916
3008,206041118,67,73,0.9178082191780822
3011,213031348,265,333,0.7957957957957958
3012,213031351,153,339,0.45132743362831856
3013,213031352,206,209,0.9856459330143541
3015,213021344,262,263,0.9961977186311787
3016,213021346,264,266,0.9924812030075187
3018,213021341,210,210,1.0
3019,213031347,128,128,1.0
3020,213011338,201,581,0.3459552495697074
3021,213011334,220,586,0.37542662116040953
3022,213011328,41,43,0.9534883720930233
3023,213011569,198,647,0.30602782071097373
3024,213051590,128,335,0.382089552238806
3025,213021343,148,150,0.9866666666666667
3026,213011570,86,122,0.7049180327868853
3027,213051363,60,85,0.7058823529411765
3028,213021342,225,347,0.6484149855907781
3029,213051583,229,1319,0.17361637604245642
3030,213051468,240,1255,0.19123505976095617
3031,206041121,160,258,0.6201550387596899
3032,206031113,182,357,0.5098039215686274
3033,210011534,170,189,0.8994708994708994
3034,210011533,146,146,1.0
3036,210011228,75,82,0.9146341463414634
3037,213041575,154,487,0.3162217659137577
3038,213011340,174,287,0.6062717770034843
3039,206031116,204,204,1.0
3040,206031502,179,353,0.5070821529745042
3041,210011231,123,166,0.7409638554216867
3042,210011226,126,233,0.5407725321888412
3043,210051250,93,232,0.40086206896551724
3044,210031538,186,334,0.5568862275449101
3045,210051248,4,5,0.8
3046,210031535,155,400,0.3875
3047,210051242,141,218,0.6467889908256881
3048,210051247,135,173,0.7803468208092486
3049,210051245,116,116,1.0
3051,206041506,176,176,1.0
3052,206041124,91,92,0.9891304347826086
3053,206041117,198,198,1.0
3054,206071140,113,113,1.0
3055,206011107,211,221,0.9547511312217195
3056,206011496,179,345,0.518840579710145
3057,206011106,160,176,0.9090909090909091
3058,206011497,186,477,0.389937106918239
3059,210051246,195,195,1.0
3060,210031237,150,153,0.9803921568627451
3061,210051243,126,126,1.0
3062,210051544,13,13,1.0
3063,210041240,3,6,0.5
3064,210051445,303,1089,0.27823691460055094
3065,206071142,178,183,0.9726775956284153
3066,206071141,134,138,0.9710144927536232
3067,206071139,114,117,0.9743589743589743
3068,206071143,178,272,0.6544117647058824
3070,206021499,190,347,0.547550432276657
3071,206021112,263,269,0.9776951672862454
3072,209021428,290,449,0.6458797327394209
3073,209021526,187,637,0.29356357927786497
3074,209041223,278,282,0.9858156028368794
3075,209041530,132,248,0.532258064516129
3076,209041432,133,384,0.3463541666666667
3078,206021110,132,183,0.7213114754098361
3079,209011200,177,241,0.7344398340248963
3081,209011199,193,193,1.0
3082,209041220,187,316,0.5917721518987342
3083,209011196,104,338,0.3076923076923077
3084,209011198,206,335,0.6149253731343284
3085,209011203,137,161,0.8509316770186336
3087,209011204,106,106,1.0
3088,209011197,223,329,0.6778115501519757
3089,209031215,132,132,1.0
3090,209031213,30,30,1.0
3091,209031213,23,23,1.0
3093,209011202,51,51,1.0
3094,209011202,112,112,1.0
3095,209031209,264,329,0.8024316109422492
3096,209031215,20,20,1.0
3097,209031214,11,15,0.7333333333333333
3099,209031210,42,60,0.7
3101,207011522,180,343,0.5247813411078717
3102,207011154,96,98,0.9795918367346939
3103,207011147,206,206,1.0
3104,207011148,228,238,0.957983193277311
3105,207021156,138,138,1.0
3106,207021159,188,188,1.0
3107,207021160,149,151,0.9867549668874173
3108,207021157,272,278,0.9784172661870504
3109,207021425,177,344,0.5145348837209303
3111,211021261,132,138,0.9565217391304348
3113,211021262,84,121,0.6942148760330579
3114,211021261,56,57,0.9824561403508771
3115,211021262,42,47,0.8936170212765957
3116,211051275,107,107,1.0
3121,206071517,379,564,0.6719858156028369
3122,207011520,180,348,0.5172413793103449
3123,207011152,184,184,1.0
3124,207011149,272,307,0.8859934853420195
3125,207031165,142,175,0.8114285714285714
3126,207011155,105,114,0.9210526315789473
3127,207031167,119,233,0.5107296137339056
3128,207031163,299,299,1.0
3129,207031164,198,199,0.9949748743718593
3130,207031161,284,399,0.7117794486215538
3131,211041271,149,267,0.5580524344569289
3132,211041270,214,214,1.0
3133,211041273,123,240,0.5125
3134,211031266,267,439,0.6082004555808656
3135,211031267,239,241,0.991701244813278
3136,211031450,183,532,0.34398496240601506
3137,211051277,105,159,0.660377358490566
3138,211051281,239,239,1.0
3139,211051286,86,153,0.5620915032679739
3140,211051278,195,196,0.9948979591836735
3141,206061516,180,395,0.45569620253164556
3142,206061138,206,206,1.0
3143,206061135,147,152,0.9671052631578947
3144,208041194,171,184,0.9293478260869565
3145,208041195,296,327,0.9051987767584098
3146,207011150,197,344,0.5726744186046512
3147,207011146,103,190,0.5421052631578948
3148,212051319,110,110,1.0
3149,212051324,256,436,0.5871559633027523
3150,212051322,241,658,0.3662613981762918
3151,207031166,116,116,1.0
3152,211011260,177,344,0.5145348837209303
3153,211011251,160,285,0.5614035087719298
3154,211011449,47,49,0.9591836734693877
3155,211011446,281,287,0.9790940766550522
3156,211011448,186,446,0.4170403587443946
3158,211051284,71,71,1.0
3159,211051274,32,33,0.9696969696969697
3160,211051274,88,113,0.7787610619469026
3161,208021177,189,189,1.0
3162,208021178,215,215,1.0
3163,208021176,229,410,0.5585365853658537
3165,208021426,153,286,0.534965034965035
3166,212051326,240,333,0.7207207207207207
3167,212051326,75,123,0.6097560975609756
3168,212051568,145,237,0.6118143459915611
3169,212041310,160,241,0.6639004149377593
3170,212051325,225,225,1.0
3171,212041317,250,250,1.0
3172,212041318,124,249,0.4979919678714859
3173,212041565,179,311,0.5755627009646302
3174,212041460,203,440,0.46136363636363636
3175,212041563,311,768,0.4049479166666667
3177,212021295,142,142,1.0
3178,211011256,142,316,0.44936708860759494
3179,211011254,62,62,1.0
3180,211011254,95,98,0.9693877551020408
3181,206061136,316,324,0.9753086419753086
3182,206051514,216,427,0.5058548009367682
3183,206051134,223,268,0.832089552238806
3184,206051129,237,242,0.9793388429752066
3185,208021179,162,188,0.8617021276595744
3186,208011169,333,345,0.9652173913043478
3187,208011170,167,174,0.9597701149425287
3188,208011172,208,219,0.9497716894977168
3189,208031191,119,119,1.0
3190,208011171,85,138,0.6159420289855072
3191,208011173,128,136,0.9411764705882353
3192,208031188,263,325,0.8092307692307692
3193,208011168,167,274,0.6094890510948905
3194,208031190,205,207,0.9903381642512077
3195,208031193,296,531,0.5574387947269304
3196,208031186,241,394,0.6116751269035533
3197,208031185,210,210,1.0
3198,214011375,344,344,1.0
3199,214011371,394,804,0.4900497512437811
3200,214011372,76,76,1.0
3201,214011370,270,270,1.0
3202,208031191,36,36,1.0
3204,208021174,283,396,0.7146464646464646
3205,206051512,184,201,0.9154228855721394
3206,206051128,162,162,1.0
3207,206051130,201,246,0.8170731707317073
3211,213051468,11,18,0.6111111111111112
3212,203021043,202,202,1.0
3213,203021486,31,49,0.6326530612244898
3214,203021486,204,348,0.5862068965517241
3215,203021047,251,330,0.7606060606060606
3216,203021042,282,723,0.3900414937759336
3217,203021485,80,195,0.41025641025641024
3218,203021040,245,248,0.9879032258064516
3219,203021045,169,285,0.5929824561403508
3220,203021046,257,413,0.6222760290556901
3221,203011036,4,7,0.5714285714285714
3222,203031048,283,315,0.8984126984126984
3223,203031051,274,274,1.0
3224,203021044,160,199,0.8040201005025126
3225,203031052,171,171,1.0
3226,203031490,281,281,1.0
3227,203031489,128,129,0.9922480620155039
3228,203031053,347,347,1.0
3230,203031049,106,106,1.0
3231,203031049,78,78,1.0
3232,203031049,86,86,1.0
3233,217031476,89,89,1.0
3234,217031476,35,35,1.0
3235,203011036,9,14,0.6428571428571429
3236,217031476,8,8,1.0
3237,217031476,18,28,0.6428571428571429
3238,217031476,19,19,1.0
3239,217031476,26,30,0.8666666666666667
3240,203011036,31,31,1.0
3241,203011036,51,60,0.85
3242,217031473,13,14,0.9285714285714286
3243,217031473,15,17,0.8823529411764706
3249,217031473,59,84,0.7023809523809523
3250,217031472,185,190,0.9736842105263158
3251,217031473,34,37,0.918918918918919
3254,217031473,2,2,1.0
3260,217031471,72,116,0.6206896551724138
3264,217031474,38,38,1.0
3265,217041477,22,37,0.5945945945945946
3266,217031475,62,66,0.9393939393939394
3267,217031475,2,2,1.0
3268,217031475,44,52,0.8461538461538461
3269,217031475,66,66,1.0
3270,217041477,14,24,0.5833333333333334
3271,217041477,8,11,0.7272727272727273
3272,217041477,41,42,0.9761904761904762
3273,217041477,2,2,1.0
3274,217041477,3,3,1.0
3275,217041478,3,3,1.0
3276,217041477,6,6,1.0
3277,217041480,16,21,0.7619047619047619
3278,217041477,4,4,1.0
3279,217041477,3,3,1.0
3280,217041479,274,498,0.5502008032128514
3281,217041479,12,18,0.6666666666666666
3282,217041478,34,34,1.0
3283,217041478,33,33,1.0
3284,217041478,78,78,1.0
3285,217041478,12,22,0.5454545454545454
3286,217041478,14,14,1.0
3287,217041478,6,6,1.0
3289,217011423,15,17,0.8823529411764706
3292,217011420,24,24,1.0
3293,217011423,5,9,0.5555555555555556
3294,217011423,24,24,1.0
3300,217011421,182,186,0.978494623655914
3301,217011423,21,24,0.875
3302,217011423,10,11,0.9090909090909091
3303,217011420,15,15,1.0
3304,217011420,107,112,0.9553571428571429
3305,217011422,207,260,0.7961538461538461
3309,217011420,5,5,1.0
3310,217011420,7,7,1.0
3311,217011420,46,46,1.0
3312,217011420,36,53,0.6792452830188679
3314,217011423,9,9,1.0
3315,217011423,53,56,0.9464285714285714
3317,215011393,8,9,0.8888888888888888
3318,215011393,68,68,1.0
3319,215011393,24,24,1.0
3321,203011035,25,28,0.8928571428571429
3322,217031474,6,12,0.5
3323,217031474,6,7,0.8571428571428571
3324,217031474,23,23,1.0
3325,217031474,16,16,1.0
3328,203011035,21,21,1.0
3329,203011035,3,4,0.75
3330,203011035,5,5,1.0
3331,203011034,53,60,0.8833333333333333
3332,203011035,13,13,1.0
3333,203011035,17,17,1.0
3334,201021012,13,13,1.0
3335,213041359,106,110,0.9636363636363636
3336,213041574,66,131,0.5038167938931297
3337,213041358,222,475,0.4673684210526316
3338,213041578,176,360,0.4888888888888889
3340,213041353,279,295,0.9457627118644067
3341,201021009,23,25,0.92
3342,201021009,55,63,0.873015873015873
3345,201021012,13,13,1.0
3350,201011002,219,997,0.21965897693079237
3351,201031015,48,134,0.3582089552238806
3352,201021012,63,247,0.2550607287449393
3355,201011008,172,194,0.8865979381443299
3356,201011484,139,200,0.695
3357,201011005,48,48,1.0
3358,201011006,42,42,1.0
3360,201031015,19,21,0.9047619047619048
3361,217031474,17,22,0.7727272727272727
3363,201021010,90,92,0.9782608695652174
3364,201021010,30,68,0.4411764705882353
3370,201021010,49,52,0.9423076923076923
3371,201031017,38,48,0.7916666666666666
3373,201031014,60,62,0.967741935483871
3374,215011392,4,6,0.6666666666666666
3375,215011387,8,11,0.7272727272727273
3377,215011386,151,187,0.8074866310160428
3378,215011387,3,3,1.0
3379,215011387,25,26,0.9615384615384616
3380,215011392,106,106,1.0
3381,215011392,39,49,0.7959183673469388
3384,201031013,11,20,0.55
3385,215011392,11,17,0.6470588235294118
3387,215011391,9,15,0.6
3388,215011394,10,12,0.8333333333333334
3390,215011394,18,18,1.0
3391,215011394,4,4,1.0
3392,215011394,11,12,0.9166666666666666
3393,215011394,69,70,0.9857142857142858
3395,215011394,16,18,0.8888888888888888
3396,215011394,25,25,1.0
3400,215011388,224,224,1.0
3401,215011389,51,114,0.4473684210526316
3407,217011423,17,17,1.0
3409,215011389,48,77,0.6233766233766234
3412,215011393,21,21,1.0
3413,215011393,38,38,1.0
3414,215011390,35,35,1.0
3415,215011390,1,1,1.0
3418,215011390,57,57,1.0
3419,215011390,23,23,1.0
3420,215011390,9,9,1.0
3423,215011390,20,20,1.0
3424,215011390,29,36,0.8055555555555556
3427,210041539,65,69,0.9420289855072463
3428,210051246,11,11,1.0
3429,210041540,194,444,0.4369369369369369
3430,210021235,2,3,0.6666666666666666
3431,210021234,40,40,1.0
3432,210021235,1,1,1.0
3433,210021235,2,2,1.0
3434,210021235,56,57,0.9824561403508771
3435,210021235,40,41,0.975609756097561
3437,210021232,118,118,1.0
3438,210021232,27,27,1.0
3440,210021233,28,28,1.0
3441,210021233,23,23,1.0
3442,202021031,89,99,0.898989898989899
3444,202021030,145,164,0.8841463414634146
3446,202021030,23,29,0.7931034482758621
3447,202021028,14,15,0.9333333333333333
3448,202021028,17,17,1.0
3450,202021027,146,146,1.0
3451,202021027,68,129,0.5271317829457365
3453,202021028,24,29,0.8275862068965517
3458,201021011,42,66,0.6363636363636364
3460,201021011,99,99,1.0
3461,201021011,159,169,0.9408284023668639
3462,202021028,38,38,1.0
3463,202021028,88,94,0.9361702127659575
3464,201031017,34,34,1.0
3465,201031016,169,256,0.66015625
3467,201031013,33,33,1.0
3468,201031013,5,7,0.7142857142857143
3469,201031013,10,13,0.7692307692307693
3472,201031017,69,70,0.9857142857142858
3475,201031017,25,33,0.7575757575757576
3477,215011391,47,53,0.8867924528301887
3478,215011391,57,69,0.8260869565217391
3480,215031400,64,70,0.9142857142857143
3482,215031400,10,10,1.0
3483,215031400,29,29,1.0
3485,215011394,11,14,0.7857142857142857
3487,215011394,3,3,1.0
3488,215011394,3,4,0.75
3489,215021398,3,5,0.6
3490,215021398,61,64,0.953125
3491,215011394,13,14,0.9285714285714286
3494,215021398,25,25,1.0
3496,215021399,93,111,0.8378378378378378
3498,215021395,73,73,1.0
3500,215021469,313,485,0.6453608247422681
3501,215021398,24,43,0.5581395348837209
3505,215021396,70,73,0.958904109589041
3506,215021398,2,2,1.0
3507,215021398,5,5,1.0
3509,215021398,9,9,1.0
3512,215021398,11,11,1.0
3515,202021026,32,33,0.9696969696969697
3516,202031033,11,14,0.7857142857142857
3517,202031033,43,43,1.0
3518,202031033,56,59,0.9491525423728814
3520,202031033,6,6,1.0
3521,204011060,11,11,1.0
3522,204011060,9,9,1.0
3523,202021029,80,87,0.9195402298850575
3525,215031400,54,68,0.7941176470588235
3527,215031400,37,39,0.9487179487179487
3529,215031400,4,4,1.0
3530,215031400,8,8,1.0
3531,215031400,8,8,1.0
3533,215031400,40,40,1.0
3537,202031033,31,32,0.96875
3540,215031401,13,13,1.0
3542,215031401,4,4,1.0
3544,215031405,23,24,0.9583333333333334
3546,215031405,19,19,1.0
3549,215031403,66,79,0.8354430379746836
3550,202011018,307,736,0.4171195652173913
3551,202011025,132,455,0.29010989010989013
3555,202011022,331,331,1.0
3556,202011019,199,226,0.8805309734513275
3557,202031032,18,19,0.9473684210526315
3558,202031032,19,21,0.9047619047619048
3559,216011410,23,24,0.9583333333333334
3561,216011409,62,69,0.8985507246376812
3562,216011408,4,4,1.0
3563,216011408,11,11,1.0
3564,216011406,226,241,0.9377593360995851
3565,216011408,1,1,1.0
3566,216011408,14,14,1.0
3567,215031401,10,11,0.9090909090909091
3568,215031401,54,54,1.0
3570,202031032,18,20,0.9
3571,202031033,4,6,0.6666666666666666
3572,202031033,2,4,0.5
3573,202031033,4,7,0.5714285714285714
3575,202031033,20,20,1.0
3576,202031033,2,2,1.0
3579,215031402,79,151,0.5231788079470199
3580,215031401,23,23,1.0
3581,215031401,14,14,1.0
3583,215031405,3,3,1.0
3584,215031405,24,24,1.0
3585,215031404,174,190,0.9157894736842105
3586,215031405,10,10,1.0
3588,215031405,7,7,1.0
3589,215031405,7,7,1.0
3590,215031405,4,4,1.0
3591,215031405,4,4,1.0
3594,215031405,13,13,1.0
3595,215031405,18,18,1.0
3596,215031405,3,3,1.0
3597,215031405,28,28,1.0
3599,215031405,8,8,1.0
3607,204011058,1,1,1.0
3608,204011058,52,52,1.0
3610,216031419,23,24,0.9583333333333334
3612,216011410,53,55,0.9636363636363636
3614,216031419,12,12,1.0
3616,216031419,79,79,1.0
3617,216031419,2,2,1.0
3618,216031419,10,10,1.0
3620,216011407,108,111,0.972972972972973
3621,216011407,26,26,1.0
3622,216011407,2,4,0.5
3623,216011410,13,13,1.0
3624,216011410,9,9,1.0
3629,216031415,115,134,0.8582089552238806
3630,216031416,260,449,0.579064587973274
3631,216031593,101,170,0.5941176470588235
3633,216031418,7,7,1.0
3634,216031418,27,29,0.9310344827586207
3635,216021413,10,10,1.0
3636,216021413,84,84,1.0
3637,216021413,8,8,1.0
3638,216021413,48,48,1.0
3639,216021413,18,18,1.0
3640,216021413,11,11,1.0
3641,216021413,26,26,1.0
3644,216021411,109,159,0.6855345911949685
3646,216031418,11,19,0.5789473684210527
3647,216031418,1,1,1.0
3649,216021412,9,9,1.0
3658,204011056,77,93,0.8279569892473119
3659,204011060,17,17,1.0
3660,204011059,113,133,0.849624060150376
3662,204011060,2,2,1.0
3663,204011058,3,3,1.0
3664,204011058,21,21,1.0
3665,204011055,6,8,0.75
3666,204011055,100,102,0.9803921568627451
3669,204011055,33,46,0.717391304347826
3670,204021064,15,15,1.0
3672,204021063,170,170,1.0
3673,204021064,40,40,1.0
3675,204021067,25,36,0.6944444444444444
3677,204021066,315,316,0.9968354430379747
3678,204021067,132,144,0.9166666666666666
3682,204021067,8,13,0.6153846153846154
3683,204031070,42,42,1.0
3685,204021065,68,73,0.9315068493150684
3687,204021065,21,21,1.0
3688,204031070,21,21,1.0
3690,204031492,292,542,0.5387453874538746
3691,204031491,90,203,0.4433497536945813
3695,204031075,16,16,1.0
3697,204031069,16,16,1.0
3698,204031069,22,22,1.0
3699,204031069,33,37,0.8918918918918919
3700,204031072,59,59,1.0
3701,204031072,66,69,0.9565217391304348
3704,204031072,4,4,1.0
3705,204031072,7,7,1.0
3707,204031072,54,58,0.9310344827586207
3708,204031072,2,2,1.0
3709,204031072,13,13,1.0
3711,204011054,18,18,1.0
3712,204011054,8,8,1.0
3713,204011054,40,44,0.9090909090909091
3714,204011054,78,78,1.0
3715,204011057,10,10,1.0
3717,204011062,73,73,1.0
3718,204011062,2,2,1.0
3719,204011054,10,10,1.0
3720,204011057,21,21,1.0
3722,204011057,90,90,1.0
3723,204011057,132,139,0.9496402877697842
3725,204021064,13,13,1.0
3726,204021064,8,8,1.0
3727,216021412,9,9,1.0
3728,216021412,17,17,1.0
3730,216021414,165,211,0.7819905213270142
3732,204021067,24,24,1.0
3733,204021067,10,10,1.0
3735,204021067,8,8,1.0
3737,204031071,96,105,0.9142857142857143
3738,204031071,6,6,1.0
3739,204031071,7,7,1.0
3740,204031069,36,36,1.0
3741,204031069,96,96,1.0
3744,204031069,9,9,1.0
3746,204021067,10,10,1.0
3747,204031068,98,101,0.9702970297029703
3749,204031075,35,35,1.0
3750,209041437,234,234,1.0
3751,209041225,3,3,1.0
3752,209041436,130,244,0.5327868852459017
3753,209041224,42,46,0.9130434782608695
3754,209041527,157,486,0.3230452674897119
3755,209041225,8,8,1.0
3756,209041224,165,170,0.9705882352941176
3757,209041225,104,132,0.7878787878787878
3758,209041224,26,26,1.0
3759,209031212,13,13,1.0
3760,209031212,5,5,1.0
3761,209031212,16,16,1.0
3762,209041224,2,3,0.6666666666666666
3763,209031211,24,27,0.8888888888888888
3764,204011056,129,131,0.9847328244274809
3765,211051280,79,80,0.9875
3766,211051282,20,21,0.9523809523809523
3767,211051282,17,17,1.0
3770,211051278,27,36,0.75
3775,211051276,45,53,0.8490566037735849
3777,211051276,148,160,0.925
3778,204011054,5,8,0.625
3779,204011054,27,29,0.9310344827586207
3781,212011289,54,54,1.0
3782,212011289,107,116,0.9224137931034483
3783,212011289,35,35,1.0
3785,211051282,2,2,1.0
3786,211051282,17,18,0.9444444444444444
3787,211051282,15,15,1.0
3788,211051282,27,27,1.0
3789,211051282,6,6,1.0
3791,211051282,19,19,1.0
3792,211051282,13,13,1.0
3793,211051279,46,47,0.9787234042553191
3795,211051279,14,17,0.8235294117647058
3796,211051283,111,111,1.0
3797,211051286,57,57,1.0
3799,211051286,116,127,0.9133858267716536
3802,212021454,148,266,0.556390977443609
3803,212021297,126,130,0.9692307692307692
3804,212021299,80,90,0.8888888888888888
3805,212021456,168,563,0.2984014209591474
3806,212021293,282,535,0.5271028037383177
3807,212011546,79,87,0.9080459770114943
3808,212011289,36,37,0.972972972972973
3809,212011546,177,206,0.8592233009708737
3810,212011552,273,556,0.4910071942446043
3812,212011547,22,24,0.9166666666666666
3813,212011547,12,12,1.0
3814,212011547,31,31,1.0
3815,212011547,55,55,1.0
3816,205011076,37,39,0.9487179487179487
3818,205011076,183,196,0.9336734693877551
3820,205011079,257,257,1.0
3821,205011079,23,43,0.5348837209302325
3822,205011079,9,9,1.0
3823,205011078,31,32,0.96875
3824,205011078,66,66,1.0
3825,205041095,290,409,0.7090464547677262
3831,205011077,30,30,1.0
3832,205011077,8,8,1.0
3833,205011077,33,34,0.9705882352941176
3835,205011078,9,9,1.0
3840,205041096,254,290,0.8758620689655172
3842,205041094,80,80,1.0
3844,205041494,211,435,0.4850574712643678
3847,205051102,52,65,0.8
3850,205051103,241,243,0.9917695473251029
3851,205051100,394,423,0.9314420803782506
3852,205051100,1,1,1.0
3854,205041098,16,18,0.8888888888888888
3856,205041098,14,15,0.9333333333333333
3857,205051102,5,7,0.7142857142857143
3858,205051101,66,90,0.7333333333333333
3859,205051101,13,13,1.0
3860,205051101,140,145,0.9655172413793104
3862,205051101,48,92,0.5217391304347826
3864,205021082,9,9,1.0
3865,205021082,7,7,1.0
3869,205041094,25,25,1.0
3870,205041094,26,29,0.896551724137931
3871,205031090,52,59,0.8813559322033898
3873,205051102,5,5,1.0
3874,205051104,59,59,1.0
3875,205021081,239,341,0.7008797653958945
3878,205021086,26,26,1.0
3880,205021086,108,131,0.8244274809160306
3882,205021082,12,13,0.9230769230769231
3885,205021085,33,69,0.4782608695652174
3886,205021085,11,11,1.0
3887,205021085,16,16,1.0
3888,205021085,164,164,1.0
3889,205021085,32,32,1.0
3890,205021085,31,31,1.0
3891,205021085,13,13,1.0
3892,205021085,55,55,1.0
3893,205021082,10,10,1.0
3895,205021082,14,14,1.0
3896,205021082,32,35,0.9142857142857143
3898,205021082,68,73,0.9315068493150684
3900,205021082,34,36,0.9444444444444444
3902,205021082,5,5,1.0
3903,205021084,13,13,1.0
3904,205021084,56,57,0.9824561403508771
3909,205021084,200,218,0.9174311926605505
3910,214011374,268,268,1.0
3911,214021385,31,44,0.7045454545454546
3912,214021385,140,175,0.8
3913,214021385,42,42,1.0
3915,214021379,167,172,0.9709302325581395
3916,214021378,36,36,1.0
3918,214021379,53,53,1.0
3919,214021379,56,56,1.0
3920,214021379,3,3,1.0
3921,205031088,9,9,1.0
3922,205031091,347,347,1.0
3923,205031091,21,21,1.0
3925,205031091,79,130,0.6076923076923076
3926,214021379,55,64,0.859375
3927,214021379,49,49,1.0
3928,214021378,14,14,1.0
3929,214021378,66,66,1.0
3930,214021381,245,245,1.0
3931,214021592,217,395,0.549367088607595
3933,214021385,13,13,1.0
3934,214021382,304,304,1.0
3936,214021377,291,291,1.0
3937,214021378,32,32,1.0
3938,214021384,64,64,1.0
3939,214021384,270,333,0.8108108108108109
3940,214021384,111,111,1.0
3941,214021383,410,410,1.0
3942,214021383,124,124,1.0
3943,214021383,139,139,1.0
3944,214021383,65,65,1.0
3945,205031089,8,11,0.7272727272727273
3946,205031089,4,4,1.0
3950,205031089,69,69,1.0
3951,205031089,11,12,0.9166666666666666
3953,205031090,119,119,1.0
3954,205031090,4,4,1.0
3956,205031087,125,126,0.9920634920634921
3957,205031087,9,9,1.0
3958,205031087,4,4,1.0
3959,205031087,52,52,1.0
3960,205031087,82,103,0.7961165048543689
3962,205031087,23,25,0.92
3964,205031087,6,6,1.0
3965,205031087,24,24,1.0
3966,205031087,12,18,0.6666666666666666
3967,205051104,25,27,0.9259259259259259
3971,205051104,187,188,0.9946808510638298
3975,212031306,134,135,0.9925925925925926
3976,212031562,130,246,0.5284552845528455
3977,212031300,255,1106,0.23056057866184448
3978,212031556,146,432,0.33796296296296297
3979,205031093,5,5,1.0
3980,212031308,48,49,0.9795918367346939
3981,212011548,66,68,0.9705882352941176
3984,205031093,98,136,0.7205882352941176
3987,205031089,17,18,0.9444444444444444
3988,205031089,14,15,0.9333333333333333
3990,205031093,3,3,1.0
3991,205031093,6,6,1.0
3992,205031093,21,21,1.0
3995,205031093,227,227,1.0
3996,205031093,143,145,0.9862068965517241
4000,305011111,93,155,0.6
4005,305011109,175,219,0.7990867579908676
4006,305011106,86,187,0.45989304812834225
4007,305031121,72,163,0.44171779141104295
4008,302031037,13,21,0.6190476190476191
4009,302031037,16,16,1.0
4010,305031119,41,43,0.9534883720930233
4011,305031122,144,212,0.6792452830188679
4012,302031040,141,247,0.5708502024291497
4013,302031038,72,75,0.96
4014,302031039,116,152,0.7631578947368421
4017,302041041,168,408,0.4117647058823529
4018,302041045,112,112,1.0
4019,313051378,157,263,0.596958174904943
4020,313051379,154,282,0.5460992907801419
4021,313051380,116,116,1.0
4022,313051380,77,77,1.0
4025,313051574,9,9,1.0
4030,305031131,110,207,0.5314009661835749
4031,302021031,160,160,1.0
4032,302021028,106,175,0.6057142857142858
4034,302021027,122,448,0.27232142857142855
4035,314011382,146,213,0.6854460093896714
4036,302011022,78,78,1.0
4037,314011385,85,85,1.0
4051,304041098,120,356,0.33707865168539325
4053,302011025,97,464,0.20905172413793102
4054,304041100,77,146,0.5273972602739726
4055,314011386,98,182,0.5384615384615384
4059,305041136,70,137,0.5109489051094891
4060,305041132,150,150,1.0
4061,304041103,153,156,0.9807692307692307
4064,305041135,172,174,0.9885057471264368
4065,305041134,102,106,0.9622641509433962
4066,305041137,153,233,0.6566523605150214
4067,304031096,119,121,0.9834710743801653
4068,304031094,164,326,0.5030674846625767
4069,304021088,102,325,0.31384615384615383
4070,304021086,96,109,0.8807339449541285
4073,304011084,125,125,1.0
4074,304011081,75,255,0.29411764705882354
4075,310011275,94,289,0.32525951557093424
4076,310011271,56,94,0.5957446808510638
4077,310011274,162,246,0.6585365853658537
4078,310011564,193,245,0.7877551020408163
4101,305011112,108,251,0.4302788844621514
4102,303021058,77,107,0.719626168224299
4103,303021052,137,174,0.7873563218390804
4104,303021059,79,80,0.9875
4105,303041068,128,175,0.7314285714285714
4106,303051076,60,60,1.0
4107,303041070,70,75,0.9333333333333333
4108,303041067,70,89,0.7865168539325843
4109,303061080,157,353,0.4447592067988669
4110,303051076,97,127,0.7637795275590551
4111,303041070,16,16,1.0
4112,303061077,62,63,0.9841269841269841
4113,303031060,142,281,0.505338078291815
4114,311061336,150,336,0.44642857142857145
4115,303051075,94,174,0.5402298850574713
4116,303051073,178,216,0.8240740740740741
4117,311031312,11,24,0.4583333333333333
4118,311031319,131,298,0.4395973154362416
4119,311061335,82,82,1.0
4120,303021055,123,127,0.968503937007874
4121,303041071,101,267,0.3782771535580524
4122,303031063,148,432,0.3425925925925926
4123,311061332,147,179,0.8212290502793296
4124,311031311,102,188,0.5425531914893617
4125,311031318,76,98,0.7755102040816326
4127,311061333,143,338,0.4230769230769231
4128,311051327,128,174,0.735632183908046
4129,311051325,69,69,1.0
4130,311051324,84,85,0.9882352941176471
4131,311051326,94,96,0.9791666666666666
4132,311031317,105,199,0.5276381909547738
4133,311051328,88,187,0.47058823529411764
4151,303021053,219,228,0.9605263157894737
4152,303011051,157,467,0.3361884368308351
4153,301011002,40,40,1.0
4154,301031019,71,87,0.8160919540229885
4155,301011002,13,13,1.0
4156,303031064,33,33,1.0
4157,301011004,199,220,0.9045454545454545
4158,301011005,41,41,1.0
4159,301011003,126,127,0.9921259842519685
4160,301011006,111,168,0.6607142857142857
4161,301011001,168,171,0.9824561403508771
4163,301021007,196,197,0.9949238578680203
4164,301021012,122,122,1.0
4165,301021013,151,339,0.44542772861356933
4169,305011108,93,165,0.5636363636363636
4170,305021117,158,299,0.5284280936454849
4171,305021113,87,229,0.3799126637554585
4172,301031017,51,52,0.9807692307692307
4173,301031018,92,93,0.989247311827957
4174,301031021,38,38,1.0
4178,301031020,173,313,0.5527156549520766
4179,301031016,122,219,0.5570776255707762
4183,301021550,79,79,1.0
4184,301021551,390,391,0.9974424552429667
4205,311051323,50,51,0.9803921568627451
4207,311021307,146,652,0.22392638036809817
4208,309071552,80,191,0.418848167539267
4209,309071557,165,433,0.3810623556581986
4210,309071256,156,189,0.8253968253968254
4211,309061248,240,626,0.38338658146964855
4212,309071252,171,281,0.608540925266904
4213,309051244,161,300,0.5366666666666666
4214,309091263,153,423,0.3617021276595745
4215,309031238,266,658,0.40425531914893614
4216,309031239,127,480,0.26458333333333334
4217,309101562,193,572,0.3374125874125874
4218,309011227,202,506,0.39920948616600793
4220,309011225,165,453,0.36423841059602646
4221,309021234,196,304,0.6447368421052632
4223,309021232,111,181,0.6132596685082873
4224,309021231,108,108,1.0
4225,309021230,102,147,0.6938775510204082
4226,309081559,154,342,0.4502923976608187
4227,309081262,184,242,0.7603305785123967
4228,309051243,59,59,1.0
4270,309041242,36,52,0.6923076923076923
4272,309041242,148,148,1.0
4275,309041242,45,48,0.9375
4280,311041570,88,197,0.4467005076142132
4285,311011305,188,272,0.6911764705882353
4287,311011305,30,30,1.0
4300,310041304,139,544,0.2555147058823529
4301,310041302,144,231,0.6233766233766234
4303,310031295,42,60,0.7
4304,310031287,108,201,0.5373134328358209
4305,310031293,158,750,0.21066666666666667
4306,310021282,82,338,0.24260355029585798
4307,310021277,21,22,0.9545454545454546
4309,310021277,38,38,1.0
4310,310021277,83,83,1.0
4311,310021281,88,126,0.6984126984126984
4312,310021278,62,62,1.0
4313,310021278,40,42,0.9523809523809523
4314,319021509,51,76,0.6710526315789473
4340,310021282,59,68,0.8676470588235294
4341,310021280,174,174,1.0
4342,310021280,32,32,1.0
4343,317011448,97,143,0.6783216783216783
4344,317011451,28,28,1.0
4346,310021282,12,13,0.9230769230769231
4347,317011451,12,12,1.0
4350,317011456,260,1482,0.17543859649122806
4352,317011450,110,300,0.36666666666666664
4353,307021179,8,8,1.0
4354,307021179,20,20,1.0
4355,307021179,57,57,1.0
4356,307021182,64,75,0.8533333333333334
4357,307021181,62,63,0.9841269841269841
4358,317011445,17,26,0.6538461538461539
4359,307031184,15,16,0.9375
4360,307031184,9,9,1.0
4361,307031184,51,54,0.9444444444444444
4362,307031186,39,39,1.0
4363,307021182,7,7,1.0
4364,307021182,11,11,1.0
4365,307031186,11,11,1.0
4370,307031189,260,341,0.7624633431085044
4371,307031185,15,15,1.0
4372,307031185,4,4,1.0
4373,307031185,22,22,1.0
4374,307031186,6,6,1.0
4375,110021194,1,2,0.5
4376,307031188,2,2,1.0
4377,110021194,4,7,0.5714285714285714
4378,307031188,4,4,1.0
4380,307031187,97,135,0.7185185185185186
4381,307031188,8,8,1.0
4382,307031188,9,9,1.0
4383,307031188,7,11,0.6363636363636364
4384,307011174,1,1,1.0
4385,307011174,26,32,0.8125
4387,307011174,35,35,1.0
4388,307011174,8,8,1.0
4390,307011173,88,97,0.9072164948453608
4400,317011449,24,26,0.9230769230769231
4401,307021180,73,84,0.8690476190476191
4402,307021179,11,11,1.0
4403,307021180,12,16,0.75
4404,307021180,10,12,0.8333333333333334
4405,307021183,221,235,0.9404255319148936
4406,307011178,25,41,0.6097560975609756
4407,307021181,10,14,0.7142857142857143
4408,307021183,14,14,1.0
4410,307021183,27,28,0.9642857142857143
4411,307021183,10,10,1.0
4412,307011172,4,4,1.0
4413,307011172,133,137,0.9708029197080292
4415,307011175,46,46,1.0
4416,307011175,16,16,1.0
4417,307011177,21,21,1.0
4418,307011175,1,1,1.0
4419,307011175,40,44,0.9090909090909091
4420,308041528,57,58,0.9827586206896551
4421,307011178,56,56,1.0
4422,307011178,11,11,1.0
4423,307011178,3,5,0.6
4424,307011175,5,5,1.0
4425,307011175,6,6,1.0
4426,307011177,7,9,0.7777777777777778
4427,307011177,10,12,0.8333333333333334
4428,307011177,12,14,0.8571428571428571
4454,307011177,23,28,0.8214285714285714
4455,307011176,123,155,0.7935483870967742
4461,307011177,3,3,1.0
4462,307011177,4,4,1.0
4465,307011177,26,26,1.0
4467,307011177,5,6,0.8333333333333334
4468,315031409,8,8,1.0
4470,315031409,65,65,1.0
4472,315031408,35,35,1.0
4474,315031411,6,6,1.0
4477,315031409,15,16,0.9375
4478,315031408,19,19,1.0
4479,315031409,1,1,1.0
4480,315031411,21,21,1.0
4481,315031410,5,5,1.0
4482,315031410,3,3,1.0
4486,307011171,18,18,1.0
4487,307011171,50,51,0.9803921568627451
4488,307011171,5,7,0.7142857142857143
4489,315031411,2,2,1.0
4490,315031411,33,33,1.0
4491,315031411,1,1,1.0
4492,315031411,11,11,1.0
4493,315031411,4,4,1.0
4494,307011174,3,3,1.0
4496,307011174,3,3,1.0
4497,307011171,3,6,0.5
4498,307011174,3,3,1.0
4500,314011383,163,413,0.3946731234866828
4501,314031392,75,75,1.0
4502,314031393,97,97,1.0
4503,314021577,195,389,0.5012853470437018
4504,313041375,150,152,0.9868421052631579
4505,313041372,140,198,0.7070707070707071
4506,313021366,94,222,0.42342342342342343
4507,313011363,290,290,1.0
4508,313041373,193,194,0.9948453608247423
4509,314021579,199,256,0.77734375
4510,313021572,163,553,0.29475587703435807
4511,313011362,118,118,1.0
4512,313021369,29,33,0.8787878787878788
4514,313031371,72,79,0.9113924050632911
4515,313031370,62,62,1.0
4516,313021367,37,37,1.0
4517,316061441,13,13,1.0
4518,316061441,64,64,1.0
4519,316061439,100,107,0.9345794392523364
4520,314011387,103,135,0.762962962962963
4521,314011384,41,52,0.7884615384615384
4550,316061442,49,50,0.98
4551,316021421,172,715,0.24055944055944056
4552,316061440,124,126,0.9841269841269841
4553,316061442,65,65,1.0
4554,316061444,15,15,1.0
4555,316061444,72,72,1.0
4556,316011413,197,430,0.45813953488372094
4557,316031428,153,268,0.5708955223880597
4558,316031427,300,301,0.9966777408637874
4559,316071548,36,64,0.5625
4560,316071548,213,391,0.5447570332480819
4561,316071547,89,94,0.9468085106382979
4562,316071547,50,101,0.49504950495049505
4563,316081549,115,120,0.9583333333333334
4564,316031426,154,154,1.0
4565,316051438,135,206,0.6553398058252428
4566,316051435,159,159,1.0
4567,316051437,129,250,0.516
4568,316081549,53,53,1.0
4569,316081549,23,23,1.0
4570,319031514,251,587,0.42759795570698467
4571,316081549,14,14,1.0
4572,316031428,65,65,1.0
4573,316031425,216,343,0.6297376093294461
4574,316061443,23,24,0.9583333333333334
4575,316021423,107,275,0.3890909090909091
4580,319031511,115,115,1.0
4581,319031511,50,77,0.6493506493506493
4600,319031515,29,29,1.0
4601,319031515,37,37,1.0
4605,319021506,72,76,0.9473684210526315
4606,319021506,37,37,1.0
4608,319021506,12,18,0.6666666666666666
4610,319021505,159,219,0.726027397260274
4611,319021506,4,4,1.0
4612,319021506,9,9,1.0
4613,319021506,25,25,1.0
4614,307021179,30,30,1.0
4615,319021509,128,130,0.9846153846153847
4620,319051525,7,7,1.0
4621,319021503,38,39,0.9743589743589743
4625,319021503,86,86,1.0
4626,319021503,62,62,1.0
4627,319021508,34,34,1.0
4630,319021508,78,83,0.9397590361445783
4650,319051524,262,513,0.5107212475633528
4655,319041520,184,865,0.21271676300578035
4659,319051522,109,109,1.0
4660,319011499,152,153,0.9934640522875817
4662,319051522,14,14,1.0
4670,319011493,264,1151,0.22936576889661164
4671,319021504,78,117,0.6666666666666666
4673,319011498,12,12,1.0
4674,308051530,34,35,0.9714285714285714
4676,308051530,8,8,1.0
4677,308051530,110,110,1.0
4678,308051530,30,30,1.0
4680,308051535,177,799,0.22152690863579474
4694,308051535,10,11,0.9090909090909091
4695,308051535,18,18,1.0
4697,308051535,2,2,1.0
4699,308031206,14,14,1.0
4700,308031222,123,336,0.36607142857142855
4701,308031205,122,566,0.21554770318021202
4702,308031210,135,605,0.2231404958677686
4703,308031223,259,312,0.8301282051282052
4704,308031219,5,5,1.0
4705,308031219,11,15,0.7333333333333333
4706,308031219,5,5,1.0
4707,312011338,98,98,1.0
4709,308011191,20,20,1.0
4710,308031207,92,92,1.0
4711,308031209,17,17,1.0
4712,308011190,7,7,1.0
4714,308031212,66,66,1.0
4715,308041529,84,105,0.8
4716,308041528,12,12,1.0
4717,308011190,98,98,1.0
4718,308041528,47,52,0.9038461538461539
4719,308041528,34,34,1.0
4720,308011192,221,235,0.9404255319148936
4721,312011339,77,79,0.9746835443037974
4722,308011191,32,32,1.0
4723,308011191,41,41,1.0
4724,315031408,18,18,1.0
4725,315031408,40,40,1.0
4726,315031408,16,16,1.0
4727,315031412,8,8,1.0
4728,315031408,7,7,1.0
4730,315031412,66,67,0.9850746268656716
4731,315031412,9,9,1.0
4732,315031408,14,14,1.0
4733,315031410,5,5,1.0
4735,315031410,33,33,1.0
4736,315031410,5,5,1.0
4737,312021352,107,111,0.963963963963964
4738,312021352,14,24,0.5833333333333334
4739,312011338,5,5,1.0
4740,312021342,174,1191,0.14609571788413098
4741,312021353,124,196,0.6326530612244898
4742,312011338,31,31,1.0
4743,312011338,29,29,1.0
4744,312011341,127,127,1.0
4745,312011338,64,64,1.0
4746,312011338,31,31,1.0
4750,312021354,68,68,1.0
4751,312021357,58,58,1.0
4753,312021351,33,37,0.8918918918918919
4754,312021351,21,23,0.9130434782608695
4756,312021351,11,12,0.9166666666666666
4757,312021351,7,10,0.7
4798,312021353,22,22,1.0
4799,312021353,24,24,1.0
4800,312031361,130,143,0.9090909090909091
4802,312031359,197,198,0.9949494949494949
4804,312011340,48,48,1.0
4805,312011337,156,199,0.7839195979899497
4806,318011461,65,65,1.0
4807,318011460,135,178,0.7584269662921348
4808,318011461,20,20,1.0
4809,318011461,22,22,1.0
4810,318021490,166,393,0.4223918575063613
4811,318021487,89,170,0.5235294117647059
4812,318021478,91,290,0.3137931034482759
4814,318021468,139,576,0.24131944444444445
4815,318021480,105,208,0.5048076923076923
4816,318021486,35,133,0.2631578947368421
4817,318021482,165,319,0.5172413793103449
4818,318021582,146,287,0.5087108013937283
4819,318021483,69,69,1.0
4820,318011462,177,202,0.8762376237623762
4821,315021407,55,55,1.0
4822,315021407,22,24,0.9166666666666666
4823,315021407,19,23,0.8260869565217391
4824,315021406,55,56,0.9821428571428571
4825,315021405,276,295,0.9355932203389831
4828,315021406,8,8,1.0
4829,315031410,21,21,1.0
4830,315021404,18,18,1.0
4849,306031161,61,61,1.0
4850,318011465,118,213,0.5539906103286385
4852,306031161,83,93,0.8924731182795699
4854,306031161,98,98,1.0
4855,306031160,18,18,1.0
4856,306031160,11,11,1.0
4858,306031160,24,24,1.0
4859,306031160,9,9,1.0
4860,306031159,161,193,0.8341968911917098
4861,306031158,30,30,1.0
4865,306021148,105,105,1.0
4868,306021153,84,246,0.34146341463414637
4869,306021147,97,176,0.5511363636363636
4870,306021145,188,1014,0.1854043392504931
4871,315011397,89,245,0.363265306122449
4872,306051167,32,86,0.37209302325581395
4873,306041164,141,143,0.986013986013986
4874,315011396,80,147,0.54421768707483
4875,315011401,157,175,0.8971428571428571
4876,315011401,22,40,0.55
4877,306041165,122,122,1.0
4878,306011143,120,211,0.5687203791469194
4879,306011139,144,254,0.5669291338582677
4880,306051170,159,173,0.9190751445086706
4881,306051168,63,63,1.0
4882,306051166,28,28,1.0
4883,306051166,128,140,0.9142857142857143
4884,306051169,30,30,1.0
4885,306051169,58,58,1.0
4886,306051169,23,23,1.0
4887,306051167,38,47,0.8085106382978723
4888,306051167,60,61,0.9836065573770492
4890,315021404,26,26,1.0
4891,315021404,9,9,1.0
4892,315011396,101,164,0.6158536585365854
4895,315011396,130,131,0.9923664122137404
9494,199999499,1,3,0.3333333333333333
9797,197979799,8,15,0.5333333333333333
0800,701011002,93,93,1.0
0810,701021025,69,459,0.1503267973856209
0812,701021022,74,266,0.2781954887218045
0820,701011008,78,365,0.2136986301369863
0822,702041063,131,511,0.2563600782778865
0828,701021012,23,23,1.0
0829,701031031,6,10,0.6
0830,701041038,51,242,0.21074380165289255
0832,701041042,63,189,0.3333333333333333
0834,701031034,17,17,1.0
0835,701031031,35,36,0.9722222222222222
0836,701031032,68,68,1.0
0837,701031035,6,6,1.0
0838,701031035,13,13,1.0
0839,701031034,4,4,1.0
0840,702031057,28,28,1.0
0841,701031035,9,9,1.0
0845,702031057,11,11,1.0
0846,702031057,7,7,1.0
0847,702031058,11,11,1.0
0850,702051067,123,123,1.0
0852,702051066,73,191,0.38219895287958117
0853,702051067,1,1,1.0
0854,702051066,15,15,1.0
0860,702021056,57,57,1.0
0862,702051066,11,21,0.5238095238095238
0870,702011045,86,304,0.28289473684210525
0872,702011050,34,147,0.23129251700680273
0873,702011051,34,36,0.9444444444444444
0874,702011049,7,12,0.5833333333333334
0875,702011048,30,33,0.9090909090909091
0880,702041064,36,43,0.8372093023255814
0885,702041062,12,12,1.0
0886,702031057,23,23,1.0
2406,307011171,2,2,1.0
2540,901031003,9,9,1.0
2600,801061070,79,193,0.40932642487046633
2601,801051053,67,89,0.7528089887640449
2602,801051061,87,497,0.1750503018108652
2603,801061064,95,180,0.5277777777777778
2604,801061067,94,166,0.5662650602409639
2605,801091100,97,189,0.5132275132275133
2606,801091109,69,187,0.3689839572192513
2607,801091106,53,226,0.2345132743362832
2609,801061130,67,93,0.7204301075268817
2611,801081098,98,510,0.19215686274509805
2612,801051124,82,251,0.32669322709163345
2614,801011024,49,289,0.1695501730103806
2615,801011004,100,755,0.13245033112582782
2617,801011002,118,526,0.22433460076045628
2618,801041043,13,16,0.8125
2620,801031113,14,35,0.4
2899,901041004,57,57,1.0
2900,801071080,87,96,0.90625
2902,801071082,207,207,1.0
2903,801071090,124,141,0.8794326241134752
2904,801071084,97,230,0.4217391304347826
2905,801071073,80,389,0.20565552699228792
2906,801071078,125,257,0.48638132295719844
2911,801041037,61,85,0.7176470588235294
2912,801041040,92,99,0.9292929292929293
2913,801041046,155,549,0.28233151183970856
2914,801041034,92,405,0.2271604938271605
4000,305011105,54,65,0.8307692307692308
4005,305011109,10,19,0.5263157894736842
4006,305031128,29,43,0.6744186046511628
4007,305031124,14,30,0.4666666666666667
4008,302031036,4,6,0.6666666666666666
4009,302031036,2,3,0.6666666666666666
4010,305031119,10,10,1.0
4011,305031122,3,5,0.6
4012,302031040,29,38,0.7631578947368421
4013,302031038,3,3,1.0
4014,302031039,17,22,0.7727272727272727
4017,302041044,15,44,0.3409090909090909
4018,302041045,43,43,1.0
4019,313051377,10,17,0.5882352941176471
4020,313051575,41,48,0.8541666666666666
4021,313051380,11,12,0.9166666666666666
4022,313051380,19,20,0.95
4025,313051574,1,1,1.0
4030,305031131,32,60,0.5333333333333333
4031,302021031,4,5,0.8
4032,302021028,30,37,0.8108108108108109
4034,302031035,19,61,0.3114754098360656
4035,314011382,56,90,0.6222222222222222
4036,302011022,12,12,1.0
4037,314011385,17,17,1.0
4051,304041098,15,40,0.375
4053,302021032,17,46,0.3695652173913043
4054,304041100,12,23,0.5217391304347826
4055,304041104,44,62,0.7096774193548387
4059,305031126,16,22,0.7272727272727273
4060,305041132,15,15,1.0
4061,304041103,21,22,0.9545454545454546
4064,305041135,12,12,1.0
4065,305041134,18,18,1.0
4066,305041137,15,24,0.625
4067,304031096,6,9,0.6666666666666666
4068,304031094,28,32,0.875
4069,304021087,21,52,0.40384615384615385
4070,304021086,4,5,0.8
4073,304011084,9,9,1.0
4074,304011081,13,23,0.5652173913043478
4075,304031095,16,35,0.45714285714285713
4076,310011271,3,4,0.75
4077,310011274,23,57,0.40350877192982454
4078,310011564,44,48,0.9166666666666666
4101,305011110,32,52,0.6153846153846154
4102,303021058,25,29,0.8620689655172413
4103,303021054,5,9,0.5555555555555556
4104,303021059,9,9,1.0
4105,303041068,7,10,0.7
4106,303051076,4,4,1.0
4107,303041070,2,2,1.0
4108,303041067,2,4,0.5
4109,303061080,9,25,0.36
4110,303051074,73,85,0.8588235294117647
4111,303041070,3,3,1.0
4112,303061077,6,6,1.0
4113,303031060,15,30,0.5
4114,311061336,11,20,0.55
4115,303051072,8,13,0.6153846153846154
4116,303051073,35,44,0.7954545454545454
4117,303051073,3,8,0.375
4118,311031319,17,42,0.40476190476190477
4119,311061335,11,11,1.0
4120,303021055,22,22,1.0
4121,303041071,11,25,0.44
4122,303031063,24,61,0.39344262295081966
4123,303031064,53,65,0.8153846153846154
4124,311041568,35,71,0.49295774647887325
4125,311031311,43,52,0.8269230769230769
4127,311061334,9,21,0.42857142857142855
4128,311051325,11,22,0.5
4129,311051325,13,13,1.0
4130,311051324,24,24,1.0
4131,311051326,19,19,1.0
4132,311031317,26,33,0.7878787878787878
4133,311031313,39,64,0.609375
4151,303021053,8,8,1.0
4152,303011051,30,56,0.5357142857142857
4153,301011002,3,3,1.0
4154,301031019,9,10,0.9
4155,301011002,5,5,1.0
4156,303031064,10,10,1.0
4157,301011004,50,53,0.9433962264150944
4158,301011005,3,3,1.0
4159,301011003,17,17,1.0
4160,301021008,21,36,0.5833333333333334
4161,301011001,18,19,0.9473684210526315
4163,301021007,44,44,1.0
4164,301021012,50,50,1.0
4165,301021009,54,86,0.627906976744186
4169,305011108,23,38,0.6052631578947368
4170,303011048,16,34,0.47058823529411764
4171,305021114,6,6,1.0
4172,301031017,20,20,1.0
4173,301031018,34,34,1.0
4174,301031021,3,4,0.75
4178,301031020,21,40,0.525
4179,301031015,10,20,0.5
4183,301021550,30,30,1.0
4184,301021551,58,58,1.0
4205,311051323,12,12,1.0
4207,311041571,78,226,0.34513274336283184
4208,309071552,27,64,0.421875
4209,309071251,110,308,0.35714285714285715
4210,309071256,50,72,0.6944444444444444
4211,309061248,42,130,0.3230769230769231
4212,309071252,84,134,0.6268656716417911
4213,309051244,48,58,0.8275862068965517
4214,309031235,23,59,0.3898305084745763
4215,309091540,30,63,0.47619047619047616
4216,309031236,27,71,0.38028169014084506
4217,309101562,45,137,0.3284671532846715
4218,309011227,67,157,0.4267515923566879
4220,309011226,39,97,0.4020618556701031
4221,309021234,51,72,0.7083333333333334
4223,309021231,31,65,0.47692307692307695
4224,309021231,25,25,1.0
4225,309021230,35,60,0.5833333333333334
4226,309081559,50,110,0.45454545454545453
4227,309081262,36,53,0.6792452830188679
4228,309051243,17,17,1.0
4270,309041242,6,10,0.6
4272,309041242,14,14,1.0
4275,309041242,5,5,1.0
4280,311041570,28,71,0.39436619718309857
4285,311011305,29,43,0.6744186046511628
4300,310041304,91,221,0.4117647058823529
4301,310041302,78,130,0.6
4303,310031295,6,12,0.5
4304,310031284,19,29,0.6551724137931034
4305,310031283,30,109,0.27522935779816515
4306,310031294,97,153,0.6339869281045751
4307,310021282,1,1,1.0
4309,310021277,8,8,1.0
4310,310021277,24,24,1.0
4311,310021281,22,40,0.55
4312,310021278,4,4,1.0
4313,310021278,4,4,1.0
4314,313031370,11,14,0.7857142857142857
4340,310021282,20,21,0.9523809523809523
4341,310021280,18,18,1.0
4343,317011448,9,15,0.6
4344,317011451,2,2,1.0
4346,310021282,2,2,1.0
4347,317011451,3,3,1.0
4350,317011458,41,139,0.2949640287769784
4352,317011450,23,58,0.39655172413793105
4355,307021179,4,4,1.0
4356,307021182,4,4,1.0
4357,307021181,9,9,1.0
4358,317011445,9,9,1.0
4359,307031184,2,2,1.0
4361,307031184,1,1,1.0
4362,307031186,1,1,1.0
4363,307021182,1,1,1.0
4370,307031189,22,32,0.6875
4371,307031185,4,4,1.0
4373,307031185,3,3,1.0
4374,307031186,1,1,1.0
4375,307031188,2,2,1.0
4376,307031188,2,2,1.0
4377,307031188,3,3,1.0
4378,307031188,1,1,1.0
4380,307031188,7,13,0.5384615384615384
4381,307031188,3,3,1.0
4382,307031188,2,2,1.0
4383,307031188,2,2,1.0
4385,307011174,5,5,1.0
4387,307011174,9,9,1.0
4388,307011174,1,1,1.0
4390,307011173,3,4,0.75
4400,317011449,3,3,1.0
4401,307021180,4,7,0.5714285714285714
4405,307021183,15,16,0.9375
4407,307021181,1,1,1.0
4410,307021183,3,3,1.0
4412,307011172,1,1,1.0
4413,307011172,15,15,1.0
4415,307011175,2,2,1.0
4417,307011177,3,3,1.0
4420,308041528,3,3,1.0
4425,307011175,1,1,1.0
4454,307011177,1,1,1.0
4455,307011176,11,18,0.6111111111111112
4465,307011177,4,4,1.0
4467,307011177,1,2,0.5
4470,315031409,2,2,1.0
4472,315031408,3,3,1.0
4474,315031411,2,2,1.0
4477,315031409,1,1,1.0
4480,315031411,1,1,1.0
4482,315031410,1,1,1.0
4486,307011171,1,1,1.0
4487,307011171,4,4,1.0
4488,307011171,1,1,1.0
4490,315031411,3,3,1.0
4491,315031411,1,1,1.0
4492,315031411,4,4,1.0
4493,315031411,3,3,1.0
4494,307011174,1,1,1.0
4496,307011174,1,1,1.0
4497,307011171,1,2,0.5
4500,314031394,37,80,0.4625
4501,314031392,5,5,1.0
4502,314031393,20,20,1.0
4503,314021389,93,147,0.6326530612244898
4504,313041375,64,64,1.0
4505,313041372,61,88,0.6931818181818182
4506,313021368,30,57,0.5263157894736842
4507,313011363,103,103,1.0
4508,313041373,18,18,1.0
4509,314021578,80,117,0.6837606837606838
4510,313021572,47,118,0.3983050847457627
4511,313011362,21,21,1.0
4512,313021369,4,5,0.8
4514,313031371,20,20,1.0
4515,313031370,8,8,1.0
4516,313021367,9,9,1.0
4517,316061441,5,5,1.0
4518,316061441,11,11,1.0
4519,316061439,30,31,0.967741935483871
4520,314011387,20,21,0.9523809523809523
4521,314011384,8,9,0.8888888888888888
4550,316061442,30,30,1.0
4551,316021580,88,206,0.42718446601941745
4552,316061440,10,11,0.9090909090909091
4553,316061442,62,62,1.0
4555,316061444,3,3,1.0
4556,316011416,21,56,0.375
4557,316011415,23,37,0.6216216216216216
4558,316031427,66,66,1.0
4559,316071548,10,15,0.6666666666666666
4560,316071548,34,76,0.4473684210526316
4561,316071547,2,3,0.6666666666666666
4562,316081549,6,10,0.6
4563,316081549,7,7,1.0
4564,316031426,19,19,1.0
4565,316051438,19,29,0.6551724137931034
4566,316051435,36,38,0.9473684210526315
4567,316051434,23,37,0.6216216216216216
4568,316081549,6,6,1.0
4570,319031514,51,120,0.425
4572,316031428,4,4,1.0
4573,316051544,62,115,0.5391304347826087
4574,316061443,6,6,1.0
4575,316021424,51,96,0.53125
4580,319031511,43,43,1.0
4581,319031511,9,16,0.5625
4600,319031515,1,1,1.0
4601,319031515,5,5,1.0
4605,319021506,3,3,1.0
4606,319021506,10,10,1.0
4608,319021506,4,5,0.8
4610,319021505,6,14,0.42857142857142855
4611,319021506,1,1,1.0
4613,319021506,3,3,1.0
4614,319021509,4,5,0.8
4615,319031515,1,1,1.0
4620,319051525,37,37,1.0
4621,319021503,10,14,0.7142857142857143
4625,319021503,9,9,1.0
4626,319021503,8,8,1.0
4627,319021508,2,2,1.0
4630,319021508,9,9,1.0
4650,319051525,66,116,0.5689655172413793
4655,319041518,51,196,0.2602040816326531
4659,319051522,14,14,1.0
4660,319011499,49,49,1.0
4670,319011493,32,121,0.2644628099173554
4671,319021504,25,36,0.6944444444444444
4673,319011498,4,4,1.0
4674,308051530,21,22,0.9545454545454546
4676,308051530,4,4,1.0
4677,308051530,14,14,1.0
4680,308051535,48,159,0.3018867924528302
4694,308051535,4,4,1.0
4695,308051535,3,3,1.0
4697,308051535,5,5,1.0
4699,308031206,3,3,1.0
4700,308031217,3,10,0.3
4701,308031213,23,46,0.5
4702,308031210,18,67,0.26865671641791045
4703,308031223,62,68,0.9117647058823529
4707,312011338,8,8,1.0
4709,308011191,1,1,1.0
4710,308031207,3,4,0.75
4712,308011190,5,5,1.0
4713,308011190,1,1,1.0
4714,308031212,9,9,1.0
4715,308041529,7,11,0.6363636363636364
4716,308041528,2,2,1.0
4717,308011190,5,5,1.0
4718,308011190,2,3,0.6666666666666666
4719,308041528,9,9,1.0
4720,308011192,12,12,1.0
4721,312011339,2,2,1.0
4722,308011191,1,1,1.0
4724,315031408,1,1,1.0
4725,315031408,4,4,1.0
4730,315031412,3,5,0.6
4731,315031412,2,2,1.0
4735,315031410,1,1,1.0
4736,315031410,1,1,1.0
4737,312021352,12,12,1.0
4738,312021352,3,5,0.6
4739,312011338,6,6,1.0
4740,312021344,43,184,0.23369565217391305
4741,312021353,17,30,0.5666666666666667
4742,312011338,6,6,1.0
4743,312011338,2,2,1.0
4744,312011341,12,12,1.0
4745,312011338,4,4,1.0
4746,312011338,4,4,1.0
4750,312021354,22,22,1.0
4751,312021357,2,2,1.0
4753,312021351,15,15,1.0
4754,312021351,6,6,1.0
4756,312021351,5,5,1.0
4757,312021351,6,8,0.75
4798,312021353,4,4,1.0
4799,312021353,12,12,1.0
4800,312031361,31,39,0.7948717948717948
4802,312031359,54,54,1.0
4804,312011340,18,18,1.0
4805,312011337,24,28,0.8571428571428571
4806,318011461,9,9,1.0
4807,318011460,14,24,0.5833333333333334
4809,318011461,7,8,0.875
4810,318021490,13,49,0.2653061224489796
4811,318021487,18,29,0.6206896551724138
4812,318021478,7,19,0.3684210526315789
4814,318021474,15,46,0.32608695652173914
4815,318021471,13,22,0.5909090909090909
4816,318021489,24,55,0.43636363636363634
4817,318021470,29,53,0.5471698113207547
4818,318021582,56,104,0.5384615384615384
4819,318021483,31,31,1.0
4820,318011462,11,21,0.5238095238095238
4821,315021407,5,5,1.0
4823,315021407,6,8,0.75
4824,315021406,3,3,1.0
4825,315021405,31,45,0.6888888888888889
4849,306031161,18,18,1.0
4850,318011465,28,30,0.9333333333333333
4852,306031161,14,20,0.7
4854,306031161,27,27,1.0
4855,306031160,9,9,1.0
4856,306031160,5,5,1.0
4858,306031160,7,7,1.0
4859,306031160,1,1,1.0
4860,306031158,22,48,0.4583333333333333
4861,306031158,10,10,1.0
4865,306021148,17,17,1.0
4868,306021153,9,21,0.42857142857142855
4869,306021147,17,26,0.6538461538461539
4870,306011141,29,137,0.2116788321167883
4871,306031160,15,50,0.3
4872,306051169,12,23,0.5217391304347826
4873,306041164,23,23,1.0
4874,315011396,11,15,0.7333333333333333
4875,315011401,2,3,0.6666666666666666
4876,315011399,3,3,1.0
4877,306041165,14,14,1.0
4878,306011142,17,39,0.4358974358974359
4879,306011139,23,40,0.575
4880,306051170,20,22,0.9090909090909091
4881,306051168,6,6,1.0
4882,306051166,4,4,1.0
4883,306051166,17,18,0.9444444444444444
4884,306051169,6,6,1.0
4885,306051169,7,7,1.0
4886,306051169,2,2,1.0
4887,306051167,5,5,1.0
4888,306051167,8,8,1.0
4890,315021404,1,1,1.0
4891,315021404,2,2,1.0
4892,315011396,13,20,0.65
4895,315011396,27,32,0.84375
5000,401011001,410,410,1.0
5006,401011002,176,176,1.0
5007,404011093,145,145,1.0
5008,404011093,96,164,0.5853658536585366
5009,404011090,36,88,0.4090909090909091
5010,404021102,72,72,1.0
5011,404011090,82,153,0.5359477124183006
5012,404021102,71,131,0.5419847328244275
5013,404021101,96,183,0.5245901639344263
5014,404011094,82,183,0.44808743169398907
5015,404021101,66,136,0.4852941176470588
5016,404021099,71,119,0.5966386554621849
5017,404021100,68,68,1.0
5018,404021100,90,90,1.0
5019,404021099,76,132,0.5757575757575758
5020,404011096,47,47,1.0
5021,404011096,101,102,0.9901960784313726
5022,404011092,138,240,0.575
5023,404011095,114,193,0.5906735751295337
5024,404031109,78,186,0.41935483870967744
5025,404011091,117,117,1.0
5031,404031108,184,184,1.0
5032,404031106,186,186,1.0
5033,404031108,104,140,0.7428571428571429
5034,401071023,138,138,1.0
5035,401071023,60,100,0.6
5037,404031107,116,142,0.8169014084507042
5038,404031107,118,218,0.5412844036697247
5039,403021058,99,161,0.6149068322981367
5040,404031107,33,33,1.0
5041,403031068,137,167,0.8203592814371258
5042,403031070,85,149,0.5704697986577181
5043,403021061,131,282,0.4645390070921986
5044,403011057,89,157,0.5668789808917197
5045,403011057,272,288,0.9444444444444444
5046,403021064,120,120,1.0
5047,403021064,41,112,0.36607142857142855
5048,403011056,174,207,0.8405797101449275
5049,403021060,104,156,0.6666666666666666
5050,403031066,80,80,1.0
5051,403031067,146,213,0.6854460093896714
5052,403031065,65,89,0.7303370786516854
5061,401071024,113,163,0.6932515337423313
5062,403031069,193,194,0.9948453608247423
5063,401071024,157,187,0.839572192513369
5064,401031012,78,126,0.6190476190476191
5065,401031013,146,146,1.0
5066,401031011,89,147,0.6054421768707483
5067,401051017,161,201,0.8009950248756219
5068,401031011,71,179,0.39664804469273746
5069,401051019,134,134,1.0
5070,401051018,140,209,0.6698564593301436
5072,401041016,80,167,0.47904191616766467
5073,401041016,182,182,1.0
5074,401041015,176,176,1.0
5075,401041015,101,177,0.5706214689265536
5076,401041014,121,122,0.9918032786885246
5081,401061022,114,136,0.8382352941176471
5082,401061021,177,184,0.9619565217391305
5083,401061020,59,95,0.6210526315789474
5084,402031036,120,120,1.0
5085,402031175,152,260,0.5846153846153846
5086,402031038,110,213,0.5164319248826291
5087,402031038,148,148,1.0
5088,402051052,62,62,1.0
5089,402051051,111,112,0.9910714285714286
5090,402051052,114,114,1.0
5091,402051055,56,92,0.6086956521739131
5092,402051053,207,338,0.6124260355029586
5093,402031176,96,147,0.6530612244897959
5094,402031036,23,47,0.48936170212765956
5095,402041171,146,281,0.5195729537366548
5096,402041041,254,254,1.0
5097,402051055,151,240,0.6291666666666667
5098,402041040,193,196,0.9846938775510204
5106,402041046,9,10,0.9
5107,402041043,238,243,0.9794238683127572
5108,402041046,258,543,0.47513812154696133
5109,402041047,296,347,0.8530259365994236
5110,402041048,83,138,0.6014492753623188
5111,402041048,7,7,1.0
5112,402021030,155,274,0.5656934306569343
5113,402021034,122,290,0.4206896551724138
5114,402021028,225,431,0.5220417633410673
5115,402021032,112,153,0.7320261437908496
5116,402011026,108,110,0.9818181818181818
5117,402021032,35,35,1.0
5118,402011026,147,253,0.5810276679841897
5120,402021035,35,35,1.0
5121,402021035,18,27,0.6666666666666666
5125,402051049,167,335,0.49850746268656715
5126,402051054,107,107,1.0
5127,402051053,189,189,1.0
5131,401021003,8,12,0.6666666666666666
5132,401021003,6,7,0.8571428571428571
5133,401021003,3,3,1.0
5134,401021010,16,16,1.0
5136,401021010,5,5,1.0
5137,401021010,9,9,1.0
5138,401021010,3,3,1.0
5139,401021006,3,3,1.0
5140,401021010,7,7,1.0
5141,401021010,14,14,1.0
5142,401021010,8,8,1.0
5144,401021010,4,4,1.0
5150,401031012,1,2,0.5
5151,401021004,4,4,1.0
5152,401021004,95,99,0.9595959595959596
5153,401021004,50,89,0.5617977528089888
5154,401021004,42,42,1.0
5155,401021004,57,57,1.0
5156,401021004,13,14,0.9285714285714286
5157,403041075,26,32,0.8125
5158,403021059,174,316,0.5506329113924051
5159,403041071,182,493,0.3691683569979716
5160,403041082,25,27,0.9259259259259259
5161,403041086,136,136,1.0
5162,403041084,191,436,0.4380733944954128
5163,403041079,123,212,0.5801886792452831
5164,403041073,92,92,1.0
5165,403041074,103,103,1.0
5166,403041074,34,34,1.0
5167,403041074,62,104,0.5961538461538461
5168,403041073,70,91,0.7692307692307693
5169,403041178,134,272,0.49264705882352944
5170,403041178,18,18,1.0
5171,403041083,71,71,1.0
5172,403041088,43,52,0.8269230769230769
5173,403041072,207,207,1.0
5174,403041072,50,55,0.9090909090909091
5201,401021008,21,29,0.7241379310344828
5202,407011149,15,15,1.0
5203,407011149,31,31,1.0
5204,407011149,122,122,1.0
5210,407011147,21,21,1.0
5211,407011148,335,349,0.9598853868194842
5212,407011144,53,53,1.0
5213,407011144,39,39,1.0
5214,407011144,218,229,0.9519650655021834
5220,407011145,4,4,1.0
5221,407011145,12,12,1.0
5222,407011145,58,58,1.0
5223,407011145,130,130,1.0
5231,401021003,19,19,1.0
5232,401021003,11,11,1.0
5233,401021003,19,19,1.0
5234,401021003,14,14,1.0
5235,405011110,48,52,0.9230769230769231
5236,407031164,4,4,1.0
5237,407031164,6,6,1.0
5238,407031164,119,120,0.9916666666666667
5240,401021006,5,6,0.8333333333333334
5241,401021006,37,37,1.0
5242,401021006,19,19,1.0
5243,401021006,12,12,1.0
5244,401021006,45,60,0.75
5245,401021005,35,39,0.8974358974358975
5250,401021007,45,45,1.0
5251,401021007,226,233,0.9699570815450643
5252,401021009,61,76,0.8026315789473685
5253,407031165,245,266,0.9210526315789473
5254,407031166,29,42,0.6904761904761905
5255,407011146,99,129,0.7674418604651163
5256,407011147,43,43,1.0
5259,407031169,30,44,0.6818181818181818
5260,407031169,40,40,1.0
5261,407031169,7,7,1.0
5262,407021155,7,7,1.0
5263,407021156,3,3,1.0
5264,407031169,77,82,0.9390243902439024
5265,407031169,18,18,1.0
5266,407031169,24,24,1.0
5267,407021157,49,50,0.98
5268,407021157,71,71,1.0
5269,407021157,5,5,1.0
5270,407021157,11,11,1.0
5271,407021154,111,150,0.74
5272,407021155,20,21,0.9523809523809523
5273,407021151,1,2,0.5
5275,407021151,126,126,1.0
5276,407021151,75,78,0.9615384615384616
5277,407021156,54,64,0.84375
5278,407021156,20,22,0.9090909090909091
5279,407021158,16,17,0.9411764705882353
5280,407021152,104,194,0.5360824742268041
5290,407021173,188,376,0.5
5291,407021150,97,146,0.6643835616438356
5301,407031169,9,14,0.6428571428571429
5302,407031161,26,29,0.896551724137931
5303,407031161,2,2,1.0
5304,407031161,24,26,0.9230769230769231
5306,407031161,2,2,1.0
5307,407031161,14,14,1.0
5308,407031161,8,8,1.0
5309,407031161,7,7,1.0
5310,407031161,1,2,0.5
5311,407031163,16,18,0.8888888888888888
5320,407031170,35,36,0.9722222222222222
5321,407031170,7,7,1.0
5322,407031170,12,12,1.0
5330,407031170,60,79,0.759493670886076
5331,407031163,10,10,1.0
5332,407031163,12,12,1.0
5333,407031162,78,87,0.896551724137931
5340,407031168,21,21,1.0
5341,407031167,102,142,0.7183098591549296
5342,407031159,13,13,1.0
5343,407031160,69,99,0.696969696969697
5344,407031159,11,11,1.0
5345,407031159,64,64,1.0
5346,407031159,9,9,1.0
5350,405011112,5,7,0.7142857142857143
5351,405011112,82,89,0.9213483146067416
5352,405011115,75,86,0.872093023255814
5353,405011110,42,62,0.6774193548387096
5354,407031164,14,17,0.8235294117647058
5355,405011114,90,101,0.8910891089108911
5356,407031170,14,18,0.7777777777777778
5357,407031170,23,23,1.0
5360,405011111,22,22,1.0
5371,402011025,20,26,0.7692307692307693
5372,405011111,31,31,1.0
5373,405011111,74,74,1.0
5374,405021118,37,41,0.9024390243902439
5381,405021118,16,16,1.0
5400,405011111,19,21,0.9047619047619048
5401,405021119,13,14,0.9285714285714286
5410,405021117,2,3,0.6666666666666666
5411,405021117,5,5,1.0
5412,405021117,24,24,1.0
5413,405021117,17,19,0.8947368421052632
5414,405021117,3,3,1.0
5415,405021117,5,5,1.0
5416,405021118,7,7,1.0
5417,405021118,41,45,0.9111111111111111
5418,405021118,4,4,1.0
5419,405021118,13,13,1.0
5420,405021118,2,2,1.0
5421,405021118,6,6,1.0
5422,405031121,57,61,0.9344262295081968
5431,405031121,31,33,0.9393939393939394
5432,405031121,7,11,0.6363636363636364
5433,406021140,38,39,0.9743589743589743
5434,406021140,17,20,0.85
5440,406021141,16,17,0.9411764705882353
5451,405021117,16,16,1.0
5452,405021117,7,7,1.0
5453,405021116,75,90,0.8333333333333334
5454,405031120,14,14,1.0
5455,405021117,1,1,1.0
5460,405021119,14,15,0.9333333333333333
5461,405021119,53,53,1.0
5462,405021119,8,8,1.0
5464,405021119,11,18,0.6111111111111112
5470,405031120,6,6,1.0
5471,405031120,2,2,1.0
5472,405031120,7,7,1.0
5473,405031120,24,24,1.0
5480,405031120,20,22,0.9090909090909091
5481,405031121,17,19,0.8947368421052632
5482,405031121,10,10,1.0
5483,405031121,12,12,1.0
5485,405031121,21,22,0.9545454545454546
5490,405031120,4,4,1.0
5491,405031120,58,58,1.0
5493,405031121,2,2,1.0
5495,405031121,36,38,0.9473684210526315
5501,402011027,50,94,0.5319148936170213
5502,405011113,24,26,0.9230769230769231
5510,405021119,3,3,1.0
5520,405021119,21,21,1.0
5521,405031123,4,4,1.0
5522,405021119,77,77,1.0
5523,405031123,56,63,0.8888888888888888
5540,405031122,254,288,0.8819444444444444
5550,405021119,27,27,1.0
5552,405041124,8,15,0.5333333333333333
5554,405041124,86,89,0.9662921348314607
5555,405021119,13,14,0.9285714285714286
5556,405041126,132,132,1.0
5558,405041125,142,145,0.9793103448275862
5560,405021119,9,9,1.0
5570,405041127,34,34,1.0
5571,405041127,73,73,1.0
5572,405041127,9,9,1.0
5573,405041127,93,93,1.0
5575,405041128,74,107,0.6915887850467289
5576,405041128,44,44,1.0
5577,405041128,41,41,1.0
5580,405041127,17,17,1.0
5581,405041127,41,41,1.0
5582,405041128,25,25,1.0
5583,405041128,39,39,1.0
5600,406011136,155,155,1.0
5601,406011137,11,15,0.7333333333333333
5602,406011131,42,42,1.0
5603,406011131,14,14,1.0
5604,406011130,16,16,1.0
5605,406011130,68,68,1.0
5606,406011133,325,329,0.9878419452887538
5607,406011130,168,197,0.8527918781725888
5608,406011136,262,262,1.0
5609,406011136,23,23,1.0
5611,406021140,11,12,0.9166666666666666
5630,406011130,2,2,1.0
5631,406011130,24,24,1.0
5632,406011130,5,5,1.0
5633,406011132,8,9,0.8888888888888888
5640,406011131,30,30,1.0
5641,406011131,36,36,1.0
5642,406011131,8,8,1.0
5650,406011131,3,6,0.5
5651,406011132,2,2,1.0
5652,406011132,21,21,1.0
5653,406011132,3,3,1.0
5654,406011132,25,25,1.0
5655,406011134,4,5,0.8
5660,406011134,2,2,1.0
5661,406011134,7,7,1.0
5670,406011132,35,35,1.0
5671,406011134,13,17,0.7647058823529411
5680,406011134,97,97,1.0
5690,406011129,74,138,0.5362318840579711
5700,406021142,232,252,0.9206349206349206
5701,405031121,4,7,0.5714285714285714
5710,406021142,46,46,1.0
5713,406021141,5,8,0.625
5715,406021140,2,2,1.0
5717,406021141,9,11,0.8181818181818182
5719,406021141,8,8,1.0
5720,406021141,10,10,1.0
5722,406021141,17,17,1.0
5723,406021139,49,58,0.8448275862068966
5724,406021141,4,4,1.0
5725,406021143,58,58,1.0
5730,406021141,8,8,1.0
5731,406021141,23,23,1.0
5732,406021141,9,9,1.0
5733,406021141,14,14,1.0
5734,406021141,3,3,1.0
5950,404031104,1,1,1.0
6000,503021297,110,212,0.5188679245283019
6003,503021296,33,62,0.532258064516129
6004,503021295,151,151,1.0
6005,503021297,98,148,0.6621621621621622
6006,503021040,130,130,1.0
6007,503021043,68,128,0.53125
6008,503021042,242,243,0.9958847736625515
6009,503011035,241,241,1.0
6010,503011031,127,248,0.5120967741935484
6011,503011032,107,133,0.8045112781954887
6012,503011034,126,126,1.0
6014,503021043,133,252,0.5277777777777778
6015,503011030,131,131,1.0
6016,503021038,97,122,0.7950819672131147
6017,505021093,75,120,0.625
6018,505021088,228,472,0.4830508474576271
6019,505021092,238,306,0.7777777777777778
6020,505011082,100,258,0.3875968992248062
6021,505021084,151,256,0.58984375
6022,505021084,68,68,1.0
6023,505011072,170,170,1.0
6024,505011073,172,172,1.0
6025,505011075,116,376,0.30851063829787234
6026,505011078,166,277,0.5992779783393501
6027,505011077,205,533,0.38461538461538464
6028,505011071,139,237,0.5864978902953587
6029,505021094,33,33,1.0
6030,505031101,190,480,0.3958333333333333
6031,505031100,186,187,0.9946524064171123
6032,505031256,5,7,0.7142857142857143
6033,505031256,6,6,1.0
6034,505031255,47,47,1.0
6035,505031258,138,158,0.8734177215189873
6036,505031099,162,207,0.782608695652174
6037,505031257,64,64,1.0
6038,505031255,122,122,1.0
6041,509021239,42,42,1.0
6042,509021239,9,9,1.0
6043,509021239,21,21,1.0
6044,509021239,69,69,1.0
6050,503021039,151,202,0.7475247524752475
6051,504011046,194,194,1.0
6052,503021039,74,135,0.5481481481481482
6053,504011045,202,202,1.0
6054,504011044,220,291,0.7560137457044673
6055,504031299,111,377,0.29442970822281167
6056,504021054,216,643,0.3359253499222395
6057,506051139,123,183,0.6721311475409836
6058,506051138,167,167,1.0
6059,505021302,174,308,0.564935064935065
6060,505021095,170,325,0.5230769230769231
6061,505021090,225,438,0.5136986301369864
6062,504011047,269,402,0.6691542288557214
6063,504031057,155,155,1.0
6064,505031098,122,341,0.35777126099706746
6065,505031306,193,798,0.24185463659147868
6066,504031056,201,201,1.0
6067,504031056,5,7,0.7142857142857143
6068,504031057,7,8,0.875
6069,504031300,203,507,0.40039447731755423
6070,504021050,58,58,1.0
6071,504021050,71,71,1.0
6072,504021053,14,14,1.0
6073,504021053,65,65,1.0
6074,504021053,27,32,0.84375
6076,506051141,180,334,0.5389221556886228
6077,505031303,28,40,0.7
6078,505031107,18,27,0.6666666666666666
6079,504031064,7,9,0.7777777777777778
6081,504021053,69,69,1.0
6082,504021053,44,45,0.9777777777777777
6083,504031060,41,52,0.7884615384615384
6084,504031058,72,109,0.6605504587155964
6090,504031063,79,80,0.9875
6100,506021123,257,257,1.0
6101,506021119,225,227,0.9911894273127754
6102,506031124,179,179,1.0
6103,506021311,130,130,1.0
6104,506021118,236,236,1.0
6105,506021309,101,231,0.43722943722943725
6106,506031130,72,72,1.0
6107,506031127,229,544,0.4209558823529412
6108,506041137,272,272,1.0
6109,506041136,170,170,1.0
6110,506041134,232,469,0.4946695095948827
6111,506011114,151,335,0.4507462686567164
6112,506011110,286,777,0.3680823680823681
6121,506061143,30,30,1.0
6122,506061142,216,231,0.935064935064935
6123,506061143,35,35,1.0
6124,506061144,21,22,0.9545454545454546
6125,506061144,37,46,0.8043478260869565
6126,506061144,10,10,1.0
6147,506031128,115,181,0.6353591160220995
6148,506031129,150,205,0.7317073170731707
6149,507041180,119,201,0.5920398009950248
6150,507041184,63,132,0.4772727272727273
6151,506071147,263,263,1.0
6152,506071145,222,367,0.6049046321525886
6153,507041175,155,274,0.5656934306569343
6154,507041178,67,129,0.5193798449612403
6155,506031131,216,550,0.3927272727272727
6156,507041181,137,201,0.681592039800995
6157,507041177,182,182,1.0
6158,507021164,113,113,1.0
6159,507021165,76,76,1.0
6160,507021165,176,176,1.0
6161,507021165,3,3,1.0
6162,507021166,114,145,0.7862068965517242
6163,507011154,149,757,0.19682959048877147
6164,507011148,242,765,0.31633986928104574
6165,507031173,18,22,0.8181818181818182
6166,507011152,120,158,0.759493670886076
6167,507031174,151,363,0.41597796143250687
6168,507051188,321,446,0.7197309417040358
6169,507051190,201,483,0.4161490683229814
6170,507031169,140,207,0.6763285024154589
6171,507051313,263,410,0.6414634146341464
6172,507051187,154,154,1.0
6173,507051191,137,137,1.0
6174,507051191,74,74,1.0
6175,507051191,50,50,1.0
6176,507051314,28,28,1.0
6180,502011027,72,72,1.0
6181,502011027,15,18,0.8333333333333334
6182,507051314,1,1,1.0
6207,502011029,15,19,0.7894736842105263
6208,502011029,136,216,0.6296296296296297
6209,502011026,54,55,0.9818181818181818
6210,502011024,290,1216,0.23848684210526316
6211,502011021,166,168,0.9880952380952381
6213,509031248,33,33,1.0
6214,502011029,17,17,1.0
6215,501021016,106,106,1.0
6218,501021014,20,20,1.0
6219,501021014,6,6,1.0
6220,501021014,99,99,1.0
6221,501021014,11,13,0.8461538461538461
6223,501021014,2,2,1.0
6224,501021014,32,32,1.0
6225,501021009,265,292,0.9075342465753424
6226,501021014,6,7,0.8571428571428571
6227,501021010,11,11,1.0
6228,501021010,2,2,1.0
6229,501021015,9,11,0.8181818181818182
6230,501021253,274,824,0.3325242718446602
6232,501021012,138,138,1.0
6233,501021005,323,363,0.8898071625344353
6236,501021010,41,41,1.0
6237,501021007,38,50,0.76
6239,501031018,121,121,1.0
6240,501031018,3,3,1.0
6243,501031017,6,11,0.5454545454545454
6244,501031017,70,73,0.958904109589041
6251,501031018,24,24,1.0
6252,501031018,9,9,1.0
6253,501031018,36,36,1.0
6254,501031017,20,20,1.0
6255,501031017,134,134,1.0
6256,501031017,38,38,1.0
6258,501031019,128,199,0.6432160804020101
6260,501031020,89,89,1.0
6262,501031020,48,48,1.0
6271,501021007,81,81,1.0
6275,501031020,80,88,0.9090909090909091
6280,501011294,284,516,0.5503875968992248
6281,501011003,172,172,1.0
6282,501011003,36,36,1.0
6284,501011001,35,53,0.660377358490566
6285,501011004,187,209,0.8947368421052632
6286,501011001,52,52,1.0
6288,501011001,18,18,1.0
6290,501011001,163,163,1.0
6302,509021245,127,127,1.0
6304,509021245,56,56,1.0
6306,509031246,64,64,1.0
6308,509031246,90,90,1.0
6309,509031250,10,10,1.0
6311,509031250,39,39,1.0
6312,509031249,119,146,0.815068493150685
6313,509031250,21,21,1.0
6315,509031250,109,118,0.923728813559322
6316,509011230,29,29,1.0
6317,509011230,157,164,0.9573170731707317
6318,509011231,34,34,1.0
6320,509011231,45,45,1.0
6321,509011231,55,55,1.0
6322,509011231,14,14,1.0
6323,509011234,25,25,1.0
6324,509011234,69,74,0.9324324324324325
6326,509011234,7,7,1.0
6327,509011226,4,4,1.0
6328,509011226,30,30,1.0
6330,509011225,300,663,0.45248868778280543
6333,509011228,167,167,1.0
6335,509011229,25,25,1.0
6336,509011229,21,21,1.0
6337,509011229,26,27,0.9629629629629629
6338,509011229,56,67,0.835820895522388
6341,509011229,9,9,1.0
6343,509011229,6,6,1.0
6346,511011275,89,89,1.0
6348,511011275,36,36,1.0
6350,509031247,26,26,1.0
6351,509031247,3,3,1.0
6352,509031247,15,15,1.0
6353,509031247,37,37,1.0
6355,509031247,32,32,1.0
6356,509031247,8,8,1.0
6357,509031247,8,8,1.0
6358,509031247,13,13,1.0
6359,509031247,31,31,1.0
6361,509031247,6,6,1.0
6363,509031247,8,8,1.0
6365,509031247,58,58,1.0
6367,509031247,28,28,1.0
6368,509021240,3,3,1.0
6369,509021240,37,37,1.0
6370,509031247,32,32,1.0
6372,509031247,11,11,1.0
6373,509031246,6,6,1.0
6375,509031246,44,44,1.0
6383,509021237,56,56,1.0
6384,509021237,2,2,1.0
6385,509021240,8,8,1.0
6386,509021240,19,19,1.0
6390,509031248,66,68,0.9705882352941176
6391,509031250,31,35,0.8857142857142857
6392,509031250,23,23,1.0
6393,509031250,6,6,1.0
6394,509011231,14,17,0.8235294117647058
6395,509011231,59,59,1.0
6396,509011231,43,43,1.0
6397,509011234,10,10,1.0
6398,501031020,56,56,1.0
6401,509021243,158,167,0.9461077844311377
6403,509021243,6,6,1.0
6405,509021237,13,13,1.0
6407,509021237,22,22,1.0
6409,509021237,20,20,1.0
6410,509021237,44,44,1.0
6411,509021237,6,6,1.0
6412,509021237,4,4,1.0
6413,509021240,5,5,1.0
6414,509021240,3,3,1.0
6415,509021240,91,91,1.0
6418,509021240,31,31,1.0
6419,509021240,5,5,1.0
6420,509021240,6,6,1.0
6421,509021240,10,14,0.7142857142857143
6422,509021242,3,3,1.0
6423,509021242,25,25,1.0
6424,509021242,9,9,1.0
6425,509021242,5,5,1.0
6426,509021242,62,62,1.0
6427,509021242,5,5,1.0
6428,509021240,7,7,1.0
6429,511031282,42,42,1.0
6430,511031279,250,382,0.6544502617801047
6431,511031284,19,40,0.475
6432,511031278,129,130,0.9923076923076923
6434,511031282,10,12,0.8333333333333334
6436,511031283,31,31,1.0
6437,511031283,12,12,1.0
6438,511031283,27,27,1.0
6440,511031283,37,37,1.0
6442,511031282,70,70,1.0
6443,511031282,65,65,1.0
6445,511011275,16,16,1.0
6446,511011275,7,7,1.0
6447,511011275,14,14,1.0
6448,511011275,6,6,1.0
6450,511011275,296,553,0.5352622061482821
6452,511011275,93,93,1.0
6460,509021238,24,24,1.0
6461,509021238,24,24,1.0
6462,509021238,12,12,1.0
6463,509021238,4,4,1.0
6465,509021238,5,5,1.0
6466,509021238,5,5,1.0
6467,509021238,1,1,1.0
6468,509021241,21,22,0.9545454545454546
6470,509021238,2,2,1.0
6472,509021242,99,99,1.0
6473,509021242,3,3,1.0
6475,509021238,50,50,1.0
6476,509021242,11,11,1.0
6477,509021242,20,20,1.0
6479,509021242,53,53,1.0
6480,509021240,3,3,1.0
6484,509021242,19,19,1.0
6485,509021238,27,27,1.0
6487,509021242,5,5,1.0
6488,509021242,11,11,1.0
6489,509021242,9,9,1.0
6490,509021242,39,39,1.0
6501,509021236,16,16,1.0
6502,509021236,25,26,0.9615384615384616
6503,509021239,58,58,1.0
6504,509021236,4,4,1.0
6505,509021236,7,7,1.0
6506,509021241,3,3,1.0
6507,509021239,26,26,1.0
6509,509021241,5,5,1.0
6510,509021241,73,73,1.0
6511,509021239,32,32,1.0
6512,509021241,6,6,1.0
6513,509021241,15,19,0.7894736842105263
6514,511041291,60,60,1.0
6515,511041291,24,24,1.0
6516,509021239,123,123,1.0
6517,511041291,23,23,1.0
6518,511041291,36,36,1.0
6519,511041291,27,27,1.0
6521,509021239,32,32,1.0
6522,511041291,32,32,1.0
6525,511041289,96,96,1.0
6528,511041292,8,8,1.0
6530,511041285,253,625,0.4048
6532,511041292,69,147,0.46938775510204084
6535,511041292,45,45,1.0
6536,511041292,62,62,1.0
6537,511021277,100,100,1.0
6556,504021049,55,60,0.9166666666666666
6558,504021049,21,21,1.0
6560,509021243,28,28,1.0
6562,509021243,29,29,1.0
6564,509021243,9,9,1.0
6566,509021244,71,71,1.0
6567,509021244,15,15,1.0
6568,509021241,10,14,0.7142857142857143
6569,509021241,10,10,1.0
6571,509021241,2,2,1.0
6572,509021241,3,3,1.0
6574,509021241,2,2,1.0
6575,509021241,5,5,1.0
6603,509021238,58,58,1.0
6605,509021238,3,3,1.0
6606,509021238,14,14,1.0
6608,509021241,10,10,1.0
6609,509021241,37,37,1.0
6612,509021241,14,15,0.9333333333333333
6613,509021241,6,6,1.0
6614,511041291,1,1,1.0
6616,511041291,4,4,1.0
6620,511041291,18,18,1.0
6623,511041291,32,32,1.0
6625,511041291,1,1,1.0
6627,511041291,3,3,1.0
6628,511041292,2,2,1.0
6630,511041292,28,36,0.7777777777777778
6631,511041292,2,2,1.0
6632,511041292,4,4,1.0
6635,511041290,12,12,1.0
6638,511041290,25,25,1.0
6639,511041290,7,7,1.0
6640,511041290,29,29,1.0
6642,511041290,41,41,1.0
6646,511041290,35,35,1.0
6701,511021276,130,177,0.7344632768361582
6705,511021277,6,6,1.0
6707,511021277,101,104,0.9711538461538461
6710,510031271,112,112,1.0
6712,510031271,48,75,0.64
6713,510031273,63,63,1.0
6714,510031272,266,355,0.7492957746478873
6716,510031271,8,8,1.0
6718,510031273,39,39,1.0
6720,510031273,61,61,1.0
6721,510021269,107,131,0.816793893129771
6722,510021270,124,169,0.7337278106508875
6725,510011262,168,286,0.5874125874125874
6726,510011262,102,102,1.0
6728,510011263,615,615,1.0
6740,510011265,1053,1053,1.0
6743,510011265,136,137,0.9927007299270073
6751,510031271,91,91,1.0
6753,510021268,98,105,0.9333333333333333
6754,510031271,45,45,1.0
6758,510021267,8,8,1.0
6760,510021267,15,15,1.0
6762,510021267,4,4,1.0
6765,510011263,21,21,1.0
6770,510011264,52,52,1.0
6798,901011001,10,10,1.0
6799,901021002,56,56,1.0
7000,601051027,164,276,0.5942028985507246
7004,601051032,79,128,0.6171875
7005,601051031,184,206,0.8932038834951457
7007,601051029,52,52,1.0
7008,601051030,87,162,0.5370370370370371
7009,601031019,92,225,0.4088888888888889
7010,601031017,197,298,0.6610738255033557
7011,601031015,144,270,0.5333333333333333
7012,601031014,34,37,0.918918918918919
7015,601021008,107,155,0.6903225806451613
7016,601021010,42,42,1.0
7017,601011003,74,95,0.7789473684210526
7018,601021007,138,335,0.41194029850746267
7019,601021011,103,103,1.0
7020,601021012,37,37,1.0
7021,601021005,38,38,1.0
7022,601021012,38,38,1.0
7023,601021012,13,13,1.0
7024,601021012,13,13,1.0
7025,601061035,35,38,0.9210526315789473
7026,603011067,15,16,0.9375
7027,603011067,7,7,1.0
7030,601011001,180,446,0.40358744394618834
7050,601041022,148,185,0.8
7052,601041023,92,92,1.0
7053,601041026,61,61,1.0
7054,601041024,117,186,0.6290322580645161
7055,601041022,12,12,1.0
7109,603021072,114,190,0.6
7112,603021070,57,57,1.0
7113,603021072,18,18,1.0
7116,603011068,116,215,0.5395348837209303
7117,603021071,28,28,1.0
7119,603011067,1,1,1.0
7120,603011067,76,81,0.9382716049382716
7139,603011068,1,1,1.0
7140,601031020,127,305,0.4163934426229508
7150,603021069,134,152,0.881578947368421
7155,603021069,22,22,1.0
7162,603021069,13,13,1.0
7163,603021069,9,9,1.0
7170,601021005,73,73,1.0
7171,601061035,42,43,0.9767441860465116
7172,601061035,67,67,1.0
7173,601061034,211,211,1.0
7174,601061034,4,4,1.0
7175,601061034,7,7,1.0
7176,601061034,6,6,1.0
7177,601061034,28,34,0.8235294117647058
7178,603031073,19,19,1.0
7179,603031073,39,39,1.0
7180,603031073,7,7,1.0
7182,603031073,45,45,1.0
7183,603031073,1,1,1.0
7184,603031073,44,44,1.0
7185,603031073,1,1,1.0
7186,603031073,10,10,1.0
7187,603031073,4,4,1.0
7190,603031074,137,139,0.9856115107913669
7209,602031061,18,19,0.9473684210526315
7210,602031061,39,42,0.9285714285714286
7211,602031061,6,6,1.0
7212,602031062,26,42,0.6190476190476191
7213,602031061,30,33,0.9090909090909091
7214,602031064,14,14,1.0
7215,603031074,109,174,0.6264367816091954
7216,602031064,121,121,1.0
7248,602011041,124,264,0.4696969696969697
7249,602011047,74,200,0.37
7250,602011038,154,846,0.18203309692671396
7252,602031059,99,116,0.853448275862069
7253,602031059,174,174,1.0
7254,602031058,18,48,0.375
7255,602031099,128,128,1.0
7256,604031093,275,275,1.0
7257,602031099,30,30,1.0
7258,602011052,6,11,0.5454545454545454
7259,602031058,39,39,1.0
7260,602031100,95,95,1.0
7261,602031100,13,13,1.0
7262,602031100,82,82,1.0
7263,602031100,28,28,1.0
7264,602031100,91,115,0.7913043478260869
7265,602031100,13,13,1.0
7267,602031058,11,13,0.8461538461538461
7268,602031058,31,31,1.0
7270,602021053,131,137,0.9562043795620438
7275,602021055,67,76,0.881578947368421
7276,602021055,6,6,1.0
7277,602011039,53,80,0.6625
7290,602021056,30,30,1.0
7291,602021056,6,6,1.0
7292,602021057,12,13,0.9230769230769231
7300,602031062,50,51,0.9803921568627451
7301,602031060,53,62,0.8548387096774194
7302,602031061,19,25,0.76
7303,602021057,33,37,0.8918918918918919
7304,602021054,153,219,0.6986301369863014
7305,604021091,32,32,1.0
7306,604021091,164,169,0.9704142011834319
7307,604021089,148,241,0.6141078838174274
7310,604021085,233,569,0.4094903339191564
7315,604011082,144,405,0.35555555555555557
7316,604011079,142,173,0.8208092485549133
7320,604011077,143,413,0.34624697336561744
7321,604011076,87,239,0.36401673640167365
7322,604011081,72,72,1.0
7325,604011084,135,226,0.5973451327433629
7330,604031094,744,822,0.9051094890510949
7331,604031094,18,18,1.0
7466,604031097,2,2,1.0
7467,604031097,51,51,1.0
7468,604031097,26,26,1.0
7469,604031094,325,402,0.8084577114427861
7470,604031097,30,30,1.0
9494,499999499,1,6,0.16666666666666666
9797,397979799,24,89,0.2696629213483146
ZZZZ,ZZZZZZZZZ,1,1,1.0
